VBELN,POSNR,MATNR,UEPOS,LFIMG,UECHA,KDMAT
0064357142,10,000000000080741342,,200,,80741342
0064357142,20,000000000080741475,,6,,80741475
0064357142,30,000000000080765617,,100,,80765617
0064357146,1440,000000000080740037,,1,,80740037
0064357146,1400,000000000082311619,,2,,82311619
0064357146,1410,000000000080704504,,3,,80704504
0064357146,1420,000000000080701637,,8,,80701637
0064357146,1430,000000000080751054,,2,,80751054
0064357146,1340,000000000080739203,,2,,80739203
0064357146,1350,000000000080702094,,3,,80702094
0064357146,1360,000000000080689521,,,,80689521
0064357146,1370,000000000080689521,1360,,,80689521
0064357146,1380,000000000080751052,1360,2,,80689521
0064357146,1390,000000000080748333,,1,,80748333
0064357146,1300,000000000082308376,1290,1,,82308376
0064357146,1310,000000000082322189,,1,,82322189
0064357146,1320,000000000080702267,,2,,80702267
0064357146,1330,000000000080701635,,3,,80701635
0064357146,10,000000000080696695,,2,,80696695
0064357146,120,000000000080710405,,,,80710405
0064357146,130,000000000080710405,120,,,80710405
0064357146,140,000000000080745228,120,2,,80710405
0064357146,150,000000000082279474,,3,,82279474
0064357146,160,000000000082182396,,2,,82182396
0064357146,20,000000000080696694,,3,,80696694
0064357146,30,000000000080716515,,,,80716515
0064357146,40,000000000080716515,30,2,,80716515
0064357146,50,000000000080754561,30,,,80716515
0064357146,60,000000000080692374,,,,80692374
0064357146,280,000000000080720484,,3,,80720484
0064357146,290,000000000080713448,,,,80713448
0064357146,300,000000000080713448,290,,,80713448
0064357146,310,000000000080760257,290,3,,80713448
0064357146,1000,000000000080686694,990,,,80686694
0064357146,1010,000000000080730533,990,2,,80686694
0064357146,1020,000000000080745251,,2,,80745251
0064357146,1030,000000000080686749,,,,80686749
0064357146,1040,000000000080686749,1030,,,80686749
0064357146,1100,000000000080741819,,2,,80741819
0064357146,1110,000000000080741342,,,,80741342
0064357146,1120,000000000080730505,,,,80730505
0064357146,1130,000000000080730505,1120,,,80730505
0064357146,70,000000000080692374,60,,,80692374
0064357146,80,000000000080716512,60,,,80692374
0064357146,90,000000000080693850,,,,80693850
0064357146,100,000000000080693850,90,,,80693850
0064357146,110,000000000080721998,90,10,,80693850
0064357146,1200,000000000080733174,,20,,80733174
0064357146,1210,000000000080738853,,2,,80738853
0064357146,1220,000000000080716696,,1,,80716696
0064357146,1230,000000000080747111,,20,,80747111
0064357146,1240,000000000080763614,,10,,80763614
0064357146,370,000000000080685835,,,,80685835
0064357146,380,000000000080713449,,,,80713449
0064357146,620,000000000080754090,600,3,,80736987
0064357146,630,000000000080741454,,20,,80741454
0064357146,640,000000000080741848,,10,,80741848
0064357146,650,000000000080741473,,10,,80741473
0064357146,660,000000000080741476,,3,,80741476
0064357146,670,000000000082326938,,,,82326938
0064357146,720,000000000082326901,,,,82326901
0064357146,730,000000000082326901,720,,,82326901
0064357146,740,000000000080754094,720,3,,82326901
0064357146,750,000000000080747822,,,,80747822
0064357146,760,000000000082326900,,,,82326900
0064357146,770,000000000082326900,760,,,82326900
0064357146,780,000000000080754081,760,2,,82326900
0064357146,790,000000000080741472,,3,,80741472
0064357146,800,000000000080708721,,2,,80708721
0064357146,810,000000000080738395,,2,,80738395
0064357146,820,000000000080739137,,,,80739137
0064357146,830,000000000080739137,820,,,80739137
0064357146,840,000000000080768733,820,2,,80739137
0064357146,850,000000000080735432,,20,,80735432
0064357146,860,000000000080741820,,,,80741820
0064357146,910,000000000080730534,890,10,,80686700
0064357146,920,000000000080731885,,,,80731885
0064357146,930,000000000080730540,,,,80730540
0064357146,940,000000000080730540,930,,,80730540
0064357146,950,000000000080747555,930,50,,80730540
0064357146,960,000000000080686746,,,,80686746
0064357146,970,000000000080686746,960,,,80686746
0064357146,980,000000000080730493,960,2,,80686746
0064357146,990,000000000080686694,,,,80686694
0064357146,1050,000000000080730497,1030,2,,80686749
0064357146,1060,000000000080686741,,,,80686741
0064357146,1070,000000000080686741,1060,,,80686741
0064357146,1080,000000000080730499,1060,2,,80686741
0064357146,1090,000000000080714020,,5,,80714020
0064357146,1250,000000000082176009,,,,82176009
0064357146,1260,000000000082176009,1250,5,,82176009
0064357146,1270,000000000080747107,1250,,,82176009
0064357146,1280,000000000080708941,,1,,80708941
0064357146,1290,000000000082308376,,,,82308376
0064357146,1140,000000000080747553,1120,25,,80730505
0064357146,1150,000000000080701666,,,,80701666
0064357146,1160,000000000080721515,,,,80721515
0064357146,1170,000000000080721515,1160,,,80721515
0064357146,1180,000000000080752084,1160,5,,80721515
0064357146,320,000000000080695894,,15,,80695894
0064357146,330,000000000080701609,,,,80701609
0064357146,340,000000000080701609,330,,,80701609
0064357146,350,000000000080760280,330,3,,80701609
0064357146,360,000000000080716675,,4,,80716675
0064357146,390,000000000080713449,380,,,80713449
0064357146,400,000000000080760258,380,3,,80713449
0064357146,410,000000000080741549,,,,80741549
0064357146,420,000000000080721763,,2,,80721763
0064357146,430,000000000082325536,,,,82325536
0064357146,480,000000000080747821,,2,,80747821
0064357146,490,000000000080736983,,,,80736983
0064357146,500,000000000080736983,490,5,,80736983
0064357146,510,000000000080754098,490,,,80736983
0064357146,520,000000000082326918,,,,82326918
0064357146,530,000000000082326918,520,2,,82326918
0064357146,540,000000000080754086,520,,,82326918
0064357146,550,000000000080707759,,,,80707759
0064357146,560,000000000080707759,550,,,80707759
0064357146,570,000000000080741480,550,20,,80707759
0064357146,580,000000000080741457,,6,,80741457
0064357146,590,000000000080741475,,,,80741475
0064357146,600,000000000080736987,,,,80736987
0064357146,610,000000000080736987,600,,,80736987
0064357146,680,000000000082326938,670,2,,82326938
0064357146,690,000000000080754073,670,,,82326938
0064357146,700,000000000080741455,,20,,80741455
0064357146,710,000000000080738840,,2,,80738840
0064357146,170,000000000080745227,,3,,80745227
0064357146,180,000000000080707898,,15,,80707898
0064357146,190,000000000080707793,,,,80707793
0064357146,200,000000000080707793,190,110,,80707793
0064357146,210,000000000080740792,190,,,80707793
0064357146,220,000000000080710409,,3,,80710409
0064357146,230,000000000082279482,,2,,82279482
0064357146,240,000000000080768049,,,,80768049
0064357146,250,000000000080685188,,,,80685188
0064357146,260,000000000080695891,,,,80695891
0064357146,270,000000000082286878,,3,,82286878
0064357146,870,000000000080730514,,2,,80730514
0064357146,880,000000000080686750,,3,,80686750
0064357146,890,000000000080686700,,,,80686700
0064357146,900,000000000080686700,890,,,80686700
0064357146,1190,000000000080742701,,5,,80742701
0064357146,440,000000000082325536,430,,,82325536
0064357146,450,000000000080751769,430,10,,82325536
0064357146,460,000000000080728726,,2,,80728726
0064357146,470,000000000080721757,,2,,80721757
0064357146,900004,000000000080695891,,5,260,80695891
0064357146,900005,000000000080685835,,3,370,80685835
0064357146,900006,000000000080685835,,1,370,80685835
0064357146,900007,000000000080741475,,2,590,80741475
0064357146,900008,000000000080741475,,33,590,80741475
0064357146,900009,000000000080741342,,46,1110,80741342
0064357146,900010,000000000080741342,,2,1110,80741342
0064357146,900011,000000000080741342,,52,1110,80741342
0064357146,900001,000000000080768049,,20,240,80768049
0064357146,900002,000000000080768049,,73,240,80768049
0064357146,900003,000000000080695891,,3,260,80695891
0064357147,10,000000000080737823,,,,80737823
0064357147,20,000000000080695751,,,,80695751
0064357147,900001,000000000080737823,,32,10,80737823
0064357147,900002,000000000080695751,,1,20,80695751
0064357148,10,000000000080764740,,12,,80764740
0064357148,20,000000000080742102,,,,80742102
0064357148,30,000000000080730501,,,,80730501
0064357148,40,000000000080730501,30,,,80730501
0064357148,50,000000000080760839,30,192,,80730501
0064357149,900005,000000000080695758,,53,30,80695758
0064357149,900006,000000000080695758,,67,30,80695758
0064357149,10,000000000080738254,,,,80738254
0064357149,20,000000000080736573,,,,80736573
0064357149,30,000000000080695758,,,,80695758
0064357149,900001,000000000080738254,,10,10,80738254
0064357149,900002,000000000080736573,,77,20,80736573
0064357149,900003,000000000080736573,,195,20,80736573
0064357149,900004,000000000080736573,,128,20,80736573
0064357150,900001,000000000080736558,,229,10,80736558
0064357150,900002,000000000080736558,,171,10,80736558
0064357150,10,000000000080736558,,,,80736558
0064357152,1500,000000000080695768,,1,,80695768
0064357152,1510,000000000080695782,,,,80695782
0064357152,1520,000000000080747870,,,,80747870
0064357152,1530,000000000082176012,,,,82176012
0064357152,1540,000000000080760451,,15,,80760451
0064357152,1690,000000000080694723,1670,1,,82267797
0064357152,1700,000000000082267808,,,,82267808
0064357152,1710,000000000082267808,1700,1,,82267808
0064357152,1720,000000000080746748,1700,,,82267808
0064357152,1730,000000000080746750,,1,,80746750
0064357152,1330,000000000080686736,,1,,80686736
0064357152,1340,000000000080701666,,,,80701666
0064357152,1350,000000000082325796,,,,82325796
0064357152,1360,000000000082299714,,,,82299714
0064357152,1370,000000000082299716,,,,82299716
0064357152,1550,000000000080716271,,1,,80716271
0064357152,1560,000000000080695741,,2,,80695741
0064357152,1570,000000000082176009,,,,82176009
0064357152,1580,000000000082176009,1570,3,,82176009
0064357152,1590,000000000080747107,1570,,,82176009
0064357152,1380,000000000080714033,,1,,80714033
0064357152,1390,000000000080686708,,,,80686708
0064357152,1400,000000000080721175,,,,80721175
0064357152,1410,000000000082276555,,2,,82276555
0064357152,1420,000000000080714020,,1,,80714020
0064357152,1450,000000000080752128,,,,80752128
0064357152,1460,000000000080752128,1450,,,80752128
0064357152,1470,000000000080767200,1450,,,80752128
0064357152,1480,000000000080760452,,,,80760452
0064357152,1490,000000000080747116,,1,,80747116
0064357152,1600,000000000080717857,,,,80717857
0064357152,1610,000000000080712393,,1,,80712393
0064357152,1620,000000000080695756,,3,,80695756
0064357152,1630,000000000080695766,,,,80695766
0064357152,1640,000000000080695761,,4,,80695761
0064357152,1740,000000000080710500,,1,,80710500
0064357152,1750,000000000080710508,,1,,80710508
0064357152,1650,000000000080736041,,1,,80736041
0064357152,1660,000000000082293549,,,,82293549
0064357152,1430,000000000080714017,,1,,80714017
0064357152,1440,000000000080731885,,,,80731885
0064357152,1670,000000000082267797,,,,82267797
0064357152,1680,000000000082267797,1670,,,82267797
0064357152,1020,000000000080752131,,,,80752131
0064357152,1030,000000000080752131,1020,,,80752131
0064357152,1040,000000000080767203,1020,28,,80752131
0064357152,1050,000000000080714027,,1,,80714027
0064357152,1060,000000000080730501,,,,80730501
0064357152,1110,000000000082299712,,,,82299712
0064357152,1120,000000000080684772,,,,80684772
0064357152,1130,000000000080745856,,2,,80745856
0064357152,1140,000000000080685115,,,,80685115
0064357152,1210,000000000080685009,,,,80685009
0064357152,1220,000000000080730513,,1,,80730513
0064357152,1230,000000000080714031,,1,,80714031
0064357152,1240,000000000080721899,,,,80721899
0064357152,1250,000000000080721899,1240,,,80721899
0064357152,1260,000000000080753072,1240,1,,80721899
0064357152,1270,000000000080713445,,,,80713445
0064357152,1150,000000000080685115,1140,2,,80685115
0064357152,1160,000000000080736037,1140,,,80685115
0064357152,1170,000000000080721515,,,,80721515
0064357152,1180,000000000080721515,1170,,,80721515
0064357152,1190,000000000080752084,1170,3,,80721515
0064357152,690,000000000080742348,,6,,80742348
0064357152,700,000000000080742346,,3,,80742346
0064357152,710,000000000082311111,,1,,82311111
0064357152,720,000000000080753465,,1,,80753465
0064357152,730,000000000080742603,,1,,80742603
0064357152,790,000000000080721761,,1,,80721761
0064357152,800,000000000080745953,,1,,80745953
0064357152,810,000000000080742024,,,,80742024
0064357152,830,000000000080745946,,1,,80745946
0064357152,840,000000000080747822,,,,80747822
0064357152,850,000000000082303566,,,,82303566
0064357152,860,000000000082326890,,1,,82326890
0064357152,870,000000000080738840,,2,,80738840
0064357152,880,000000000080741461,,,,80741461
0064357152,890,000000000082326891,,1,,82326891
0064357152,900,000000000080741476,,1,,80741476
0064357152,910,000000000080741455,,5,,80741455
0064357152,960,000000000080694651,,,,80694651
0064357152,970,000000000080691379,,1,,80691379
0064357152,980,000000000080739137,,,,80739137
0064357152,990,000000000080739137,980,,,80739137
0064357152,1000,000000000080768733,980,1,,80739137
0064357152,1070,000000000080730501,1060,,,80730501
0064357152,1080,000000000080760839,1060,4,,80730501
0064357152,1090,000000000080741820,,,,80741820
0064357152,1100,000000000082318938,,,,82318938
0064357152,1200,000000000080686750,,1,,80686750
0064357152,1280,000000000080742583,,1,,80742583
0064357152,1290,000000000080714629,,,,80714629
0064357152,1300,000000000080742582,,1,,80742582
0064357152,1310,000000000080714022,,,,80714022
0064357152,680,000000000080698892,,,,80698892
0064357152,740,000000000080707105,,1,,80707105
0064357152,750,000000000082301691,,1,,82301691
0064357152,760,000000000080745943,,12,,80745943
0064357152,770,000000000080745948,,1,,80745948
0064357152,780,000000000080728726,,1,,80728726
0064357152,820,000000000080725121,,5,,80725121
0064357152,920,000000000080741454,,3,,80741454
0064357152,930,000000000080718081,,1,,80718081
0064357152,940,000000000080704604,,1,,80704604
0064357152,950,000000000080739141,,1,,80739141
0064357152,1010,000000000080708723,,1,,80708723
0064357152,1320,000000000080730514,,1,,80730514
0064357152,670,000000000080742347,,1,,80742347
0064357152,160,000000000080692376,150,,,80692376
0064357152,170,000000000080716513,150,,,80692376
0064357152,180,000000000080682297,,1,,80682297
0064357152,370,000000000080707792,,,,80707792
0064357152,380,000000000080707792,370,3,,80707792
0064357152,390,000000000080740791,370,,,80707792
0064357152,400,000000000082170042,,18,,82170042
0064357152,410,000000000082170061,,,,82170061
0064357152,420,000000000080707793,,,,80707793
0064357152,430,000000000080707793,420,122,,80707793
0064357152,440,000000000080740792,420,,,80707793
0064357152,450,000000000082325822,,,,82325822
0064357152,460,000000000082289668,,,,82289668
0064357152,470,000000000082289668,460,,,82289668
0064357152,480,000000000080689254,460,1,,82289668
0064357152,490,000000000080710409,,5,,80710409
0064357152,500,000000000080707789,,1,,80707789
0064357152,510,000000000082279482,,1,,82279482
0064357152,520,000000000080684725,,1,,80684725
0064357152,530,000000000082309415,,,,82309415
0064357152,540,000000000082313295,,1,,82313295
0064357152,620,000000000082292589,,1,,82292589
0064357152,630,000000000080680756,,,,80680756
0064357152,640,000000000080680756,630,,,80680756
0064357152,650,000000000080702228,630,,,80680756
0064357152,660,000000000082286892,,1,,82286892
0064357152,190,000000000080682302,,2,,80682302
0064357152,200,000000000082330704,,,,82330704
0064357152,210,000000000080682305,,1,,80682305
0064357152,220,000000000080692374,,,,80692374
0064357152,230,000000000080692374,220,,,80692374
0064357152,240,000000000080716512,220,,,80692374
0064357152,280,000000000080716515,,,,80716515
0064357152,290,000000000080716515,280,2,,80716515
0064357152,10,000000000080725629,,1,,80725629
0064357152,20,000000000080681564,,1,,80681564
0064357152,30,000000000080746223,,2,,80746223
0064357152,40,000000000080696694,,2,,80696694
0064357152,50,000000000080684447,,1,,80684447
0064357152,60,000000000080696695,,1,,80696695
0064357152,70,000000000080701422,,4,,80701422
0064357152,80,000000000080683598,,,,80683598
0064357152,90,000000000080691891,,1,,80691891
0064357152,100,000000000082321845,,3,,82321845
0064357152,110,000000000082309670,,,,82309670
0064357152,120,000000000082321370,,,,82321370
0064357152,130,000000000080710690,,1,,80710690
0064357152,140,000000000080695960,,1,,80695960
0064357152,150,000000000080692376,,,,80692376
0064357152,250,000000000080692373,,,,80692373
0064357152,260,000000000080692373,250,,,80692373
0064357152,270,000000000080716514,250,,,80692373
0064357152,300,000000000080754561,280,,,80716515
0064357152,310,000000000082299782,,,,82299782
0064357152,320,000000000082288128,,,,82288128
0064357152,330,000000000082288129,,,,82288129
0064357152,340,000000000080722010,,2,,80722010
0064357152,350,000000000082288354,,,,82288354
0064357152,360,000000000080698212,,2,,80698212
0064357152,550,000000000080707798,,,,80707798
0064357152,560,000000000080707798,550,1,,80707798
0064357152,570,000000000080740797,550,,,80707798
0064357152,580,000000000080745227,,4,,80745227
0064357152,590,000000000082182396,,1,,82182396
0064357152,600,000000000080707898,,8,,80707898
0064357152,610,000000000080701075,,12,,80701075
0064357152,900001,000000000082170061,,4,410,82170061
0064357152,900002,000000000082170061,,1,410,82170061
0064357152,900003,000000000082170061,,7,410,82170061
0064357152,900004,000000000080741461,,3,880,80741461
0064357152,900005,000000000080741461,,57,880,80741461
0064357152,900006,000000000080752128,,1,1460,80752128
0064357152,900007,000000000080752128,,2,1460,80752128
0064357152,900008,000000000080760452,,8,1480,80760452
0064357152,900009,000000000080760452,,10,1480,80760452
0064357152,900010,000000000080717857,,3,1600,80717857
0064357152,900011,000000000080717857,,3,1600,80717857
0064359907,10,000000000082280364,,,,82280364
0064359907,20,000000000080747093,,200,,80747093
0064359907,30,000000000080747104,,200,,80747104
0064359907,40,000000000080747105,,50,,80747105
0064359907,50,000000000080747115,,50,,80747115
0064359907,60,000000000080747112,,,,80747112
0064359907,70,000000000082257278,,,,82257278
0064359907,80,000000000082257278,70,,,82257278
0064359907,90,000000000080747114,70,70,,82257278
0064359907,100,000000000080695742,,,,80695742
0064359907,110,000000000080695742,100,5,,80695742
0064359907,120,000000000080762643,100,,,80695742
0064359907,900001,000000000082280364,,13,10,82280364
0064359907,900002,000000000082280364,,17,10,82280364
0064359907,900003,000000000080747112,,44,60,80747112
0064359907,900004,000000000080747112,,26,60,80747112
0064359923,20,000000000080747292,,1,,80747292
0064359923,30,000000000080739203,,1,,80739203
0064359923,40,000000000082253090,,,,82253090
0064359923,10,000000000080741411,,1,,80741411
0064359923,50,000000000082253090,40,1,,82253090
0064359923,60,000000000080733721,40,,,82253090
0064359966,10,000000000080707740,,,,80707740
0064359966,20,000000000080707740,10,,,80707740
0064359966,30,000000000080753462,10,100,,80707740
0064359966,40,000000000080725121,,100,,80725121
0064359966,50,000000000080741461,,100,,80741461
0064359966,60,000000000080702067,,,,80702067
0064359966,70,000000000080702067,60,,,80702067
0064359966,80,000000000080742572,60,100,,80702067
0064359966,90,000000000080735653,,300,,80735653
0064360014,390,000000000082279643,,1,,82279643
0064360014,410,000000000080684553,,,,80684553
0064360014,420,000000000080684553,410,8,,80684553
0064360014,430,000000000080747289,410,,,80684553
0064360014,400,000000000082279491,,1,,82279491
0064360014,900,000000000080725126,880,1,,82325522
0064360014,910,000000000082325521,,,,82325521
0064360014,920,000000000082325521,910,,,82325521
0064360014,930,000000000080751771,910,2,,82325521
0064360014,940,000000000082326905,,1,,82326905
0064360014,1490,000000000080730502,1480,8,,80730502
0064360014,1500,000000000080760838,1480,,,80730502
0064360014,1510,000000000080730536,,4,,80730536
0064360014,1520,000000000080730501,,,,80730501
0064360014,1890,000000000080747105,,2,,80747105
0064360014,1900,000000000080718535,,1,,80718535
0064360014,1910,000000000080742474,,10,,80742474
0064360014,1920,000000000082309819,,,,82309819
0064360014,1930,000000000082328321,,10,,82328321
0064360014,440,000000000082313296,,2,,82313296
0064360014,450,000000000082313294,,2,,82313294
0064360014,460,000000000080728859,,1,,80728859
0064360014,470,000000000080695905,,1,,80695905
0064360014,480,000000000080695891,,1,,80695891
0064360014,1940,000000000080742079,,,,80742079
0064360014,1950,000000000080748011,,27,,80748011
0064360014,1960,000000000080684552,,,,80684552
0064360014,490,000000000080720485,,1,,80720485
0064360014,500,000000000080716677,,2,,80716677
0064360014,1530,000000000080730501,1520,,,80730501
0064360014,1540,000000000080760839,1520,5,,80730501
0064360014,1550,000000000080730492,,2,,80730492
0064360014,1560,000000000080686750,,1,,80686750
0064360014,1970,000000000080684552,1960,4,,80684552
0064360014,30,000000000080717304,,2,,80717304
0064360014,10,000000000082321828,,1,,82321828
0064360014,20,000000000080691629,,1,,80691629
0064360014,510,000000000080716675,,2,,80716675
0064360014,540,000000000080707738,530,,,80707738
0064360014,550,000000000080753468,530,1,,80707738
0064360014,520,000000000080716680,,2,,80716680
0064360014,530,000000000080707738,,,,80707738
0064360014,950,000000000080715463,,,,80715463
0064360014,960,000000000080715463,950,,,80715463
0064360014,970,000000000080754070,950,2,,80715463
0064360014,980,000000000082326902,,,,82326902
0064360014,990,000000000082326902,980,,,82326902
0064360014,1180,000000000080741478,,10,,80741478
0064360014,1190,000000000080741458,,1,,80741458
0064360014,1570,000000000080686747,,,,80686747
0064360014,40,000000000080717303,,2,,80717303
0064360014,50,000000000080717296,,2,,80717296
0064360014,60,000000000080717314,,3,,80717314
0064360014,70,000000000080717313,,4,,80717313
0064360014,80,000000000080717299,,1,,80717299
0064360014,1000,000000000080754066,980,2,,82326902
0064360014,1010,000000000082326892,,,,82326892
0064360014,1020,000000000082326918,,,,82326918
0064360014,1030,000000000082326918,1020,2,,82326918
0064360014,1040,000000000080754086,1020,,,82326918
0064360014,1200,000000000082326899,,,,82326899
0064360014,1210,000000000082326899,1200,,,82326899
0064360014,1220,000000000080754080,1200,5,,82326899
0064360014,1230,000000000082326898,,,,82326898
0064360014,1240,000000000082326898,1230,1,,82326898
0064360014,1580,000000000080686747,1570,,,80686747
0064360014,1590,000000000080730494,1570,1,,80686747
0064360014,1600,000000000080686711,,,,80686711
0064360014,1610,000000000080686711,1600,,,80686711
0064360014,1620,000000000080730520,1600,1,,80686711
0064360014,1980,000000000080747288,1960,,,80684552
0064360014,90,000000000080717309,,1,,80717309
0064360014,100,000000000080717311,,1,,80717311
0064360014,110,000000000080721990,,1,,80721990
0064360014,120,000000000080693825,,,,80693825
0064360014,130,000000000080693825,120,,,80693825
0064360014,560,000000000080707896,,,,80707896
0064360014,590,000000000080742349,,4,,80742349
0064360014,570,000000000080707896,560,,,80707896
0064360014,580,000000000080753463,560,1,,80707896
0064360014,1050,000000000080741461,,2,,80741461
0064360014,1060,000000000080741455,,10,,80741455
0064360014,1070,000000000080741457,,5,,80741457
0064360014,1080,000000000080741454,,10,,80741454
0064360014,1090,000000000080741471,,8,,80741471
0064360014,1250,000000000080754078,1230,,,82326898
0064360014,1260,000000000080736982,,,,80736982
0064360014,1270,000000000080736982,1260,2,,80736982
0064360014,1280,000000000080754096,1260,,,80736982
0064360014,1290,000000000080691398,,2,,80691398
0064360014,1630,000000000080714016,,2,,80714016
0064360014,1640,000000000080730505,,,,80730505
0064360014,1650,000000000080730505,1640,,,80730505
0064360014,1660,000000000080747553,1640,6,,80730505
0064360014,1670,000000000080730516,,1,,80730516
0064360014,140,000000000080721999,120,5,,80693825
0064360014,150,000000000080693844,,,,80693844
0064360014,160,000000000080693844,150,,,80693844
0064360014,170,000000000080721996,150,15,,80693844
0064360014,600,000000000080742348,,2,,80742348
0064360014,610,000000000080713449,,,,80713449
0064360014,620,000000000080713449,610,,,80713449
0064360014,630,000000000080760258,610,5,,80713449
0064360014,1100,000000000080707759,,,,80707759
0064360014,1110,000000000080707759,1100,,,80707759
0064360014,1300,000000000080691386,,1,,80691386
0064360014,1310,000000000080708721,,1,,80708721
0064360014,1320,000000000080691385,,1,,80691385
0064360014,1330,000000000082322606,,,,82322606
0064360014,180,000000000080721997,,5,,80721997
0064360014,190,000000000080721969,,2,,80721969
0064360014,200,000000000080721995,,6,,80721995
0064360014,210,000000000080721963,,10,,80721963
0064360014,640,000000000080713448,,,,80713448
0064360014,650,000000000080713448,640,,,80713448
0064360014,660,000000000080760257,640,,,80713448
0064360014,1120,000000000080741480,1100,10,,80707759
0064360014,1130,000000000080741460,,2,,80741460
0064360014,220,000000000080721962,,1,,80721962
0064360014,230,000000000080745222,,5,,80745222
0064360014,1680,000000000080730518,,1,,80730518
0064360014,1690,000000000080686746,,,,80686746
0064360014,1700,000000000080686746,1690,,,80686746
0064360014,240,000000000080710399,,,,80710399
0064360014,670,000000000082256027,,5,,82256027
0064360014,680,000000000080742024,,,,80742024
0064360014,690,000000000080742026,,1,,80742026
0064360014,700,000000000080728729,,1,,80728729
0064360014,710,000000000080741548,,1,,80741548
0064360014,720,000000000080721758,,1,,80721758
0064360014,730,000000000080721762,,1,,80721762
0064360014,1140,000000000080741472,,4,,80741472
0064360014,1710,000000000080730493,1690,1,,80686746
0064360014,1720,000000000080714630,,,,80714630
0064360014,1730,000000000080714630,1720,,,80714630
0064360014,1740,000000000080752083,1720,1,,80714630
0064360014,1150,000000000080741462,,3,,80741462
0064360014,1160,000000000080741459,,1,,80741459
0064360014,1170,000000000080741473,,8,,80741473
0064360014,1750,000000000080721173,,,,80721173
0064360014,250,000000000080710399,240,,,80710399
0064360014,260,000000000080745221,240,5,,80710399
0064360014,740,000000000080721763,,1,,80721763
0064360014,270,000000000080707795,,,,80707795
0064360014,280,000000000080707795,270,,,80707795
0064360014,750,000000000080725123,,3,,80725123
0064360014,760,000000000080751313,,,,80751313
0064360014,770,000000000080725121,,2,,80725121
0064360014,780,000000000080725122,,2,,80725122
0064360014,790,000000000082325565,,,,82325565
0064360014,1340,000000000082322606,1330,,,82322606
0064360014,1350,000000000080741796,1330,1,,82322606
0064360014,1360,000000000080742447,,1,,80742447
0064360014,1370,000000000080721515,,,,80721515
0064360014,1380,000000000080721515,1370,,,80721515
0064360014,1760,000000000080742436,,3,,80742436
0064360014,1770,000000000080745251,,1,,80745251
0064360014,1780,000000000080745252,,1,,80745252
0064360014,290,000000000080740794,270,10,,80707795
0064360014,300,000000000080707793,,,,80707793
0064360014,310,000000000080707793,300,2,,80707793
0064360014,320,000000000080740792,300,,,80707793
0064360014,330,000000000080707792,,,,80707792
0064360014,800,000000000082325565,790,,,82325565
0064360014,810,000000000080742025,790,1,,82325565
0064360014,820,000000000082325519,,,,82325519
0064360014,830,000000000082325519,820,,,82325519
0064360014,840,000000000080725128,820,1,,82325519
0064360014,1390,000000000080752084,1370,1,,80721515
0064360014,1400,000000000080741819,,2,,80741819
0064360014,1410,000000000080741821,,,,80741821
0064360014,1420,000000000080686749,,,,80686749
0064360014,1430,000000000080686749,1420,,,80686749
0064360014,1790,000000000080745250,,1,,80745250
0064360014,1800,000000000080742441,,4,,80742441
0064360014,1810,000000000080729282,,1,,80729282
0064360014,1820,000000000080729281,,1,,80729281
0064360014,1830,000000000080747115,,1,,80747115
0064360014,340,000000000080707792,330,3,,80707792
0064360014,350,000000000080740791,330,,,80707792
0064360014,360,000000000080707898,,1,,80707898
0064360014,370,000000000080684709,,3,,80684709
0064360014,380,000000000080684707,,3,,80684707
0064360014,850,000000000082325543,,,,82325543
0064360014,860,000000000082325543,850,,,82325543
0064360014,870,000000000080741552,850,2,,82325543
0064360014,880,000000000082325522,,,,82325522
0064360014,890,000000000082325522,880,,,82325522
0064360014,1440,000000000080730497,1420,1,,80686749
0064360014,1450,000000000080686713,,,,80686713
0064360014,1460,000000000080686713,1450,,,80686713
0064360014,1470,000000000080730527,1450,1,,80686713
0064360014,1480,000000000080730502,,,,80730502
0064360014,1840,000000000082176009,,,,82176009
0064360014,1850,000000000082176009,1840,1,,82176009
0064360014,1860,000000000080747107,1840,,,82176009
0064360014,1870,000000000080747113,,1,,80747113
0064360014,1880,000000000080760454,,60,,80760454
0064360014,900001,000000000080760257,,1,660,80713448
0064360014,900002,000000000080760257,,4,660,80713448
0064360014,900003,000000000082309819,,9,1920,82309819
0064360014,900004,000000000082309819,,21,1920,82309819
0064360014,900005,000000000080742079,,19,1940,80742079
0064360014,900006,000000000080742079,,61,1940,80742079
0064360020,10,000000000082252970,,,,82252970
0064360020,20,000000000082252970,10,2,,82252970
0064360020,30,000000000080694752,10,,,82252970
0064360020,40,000000000082267797,,,,82267797
0064360020,50,000000000082267797,40,,,82267797
0064360020,60,000000000080694723,40,5,,82267797
0064360020,70,000000000082252955,,,,82252955
0064360020,80,000000000080748333,,4,,80748333
0064360020,90,000000000082252925,,,,82252925
0064360020,100,000000000082252925,90,2,,82252925
0064360020,110,000000000080710639,90,,,82252925
0064360027,900008,000000000080733224,,5,1410,80733224
0064360027,900009,000000000080742437,,17,1680,80742437
0064360027,900004,000000000080684552,,12,640,80684552
0064360027,900005,000000000080725124,,29,940,82325534
0064360027,900006,000000000080725124,,31,940,82325534
0064360027,900007,000000000080733224,,12,1410,80733224
0064360027,220,000000000082313835,,,,82313835
0064360027,230,000000000082313835,220,,,82313835
0064360027,240,000000000080746088,220,5,,82313835
0064360027,520,000000000080684726,,4,,80684726
0064360027,530,000000000080684709,,5,,80684709
0064360027,540,000000000080685187,,10,,80685187
0064360027,550,000000000080684707,,5,,80684707
0064360027,560,000000000080685128,,10,,80685128
0064360027,1010,000000000080751771,990,25,,82325521
0064360027,1020,000000000080715464,,,,80715464
0064360027,1030,000000000080715464,1020,5,,80715464
0064360027,1040,000000000080754071,1020,,,80715464
0064360027,1050,000000000080715463,,,,80715463
0064360027,1590,000000000080730497,1570,2,,80686749
0064360027,570,000000000080707802,,,,80707802
0064360027,580,000000000080707802,570,10,,80707802
0064360027,590,000000000080740786,570,,,80707802
0064360027,600,000000000080684553,,,,80684553
0064360027,610,000000000080684553,600,20,,80684553
0064360027,1060,000000000080715463,1050,,,80715463
0064360027,1070,000000000080754070,1050,3,,80715463
0064360027,1080,000000000082326902,,,,82326902
0064360027,1090,000000000082326902,1080,,,82326902
0064360027,1100,000000000080754066,1080,10,,82326902
0064360027,1600,000000000080730502,,,,80730502
0064360027,1610,000000000080730502,1600,5,,80730502
0064360027,1620,000000000080760838,1600,,,80730502
0064360027,620,000000000080747289,600,,,80684553
0064360027,1110,000000000082326892,,,,82326892
0064360027,1120,000000000080715461,,,,80715461
0064360027,1130,000000000080715459,,1,,80715459
0064360027,1140,000000000080741455,,10,,80741455
0064360027,630,000000000080684552,,,,80684552
0064360027,640,000000000080684552,630,,,80684552
0064360027,650,000000000080747288,630,,,80684552
0064360027,1150,000000000080741457,,40,,80741457
0064360027,1160,000000000080741475,,30,,80741475
0064360027,1170,000000000080741471,,10,,80741471
0064360027,1180,000000000080741456,,5,,80741456
0064360027,1190,000000000082326900,,,,82326900
0064360027,1630,000000000082276554,,1,,82276554
0064360027,1640,000000000080714018,,5,,80714018
0064360027,1650,000000000080686745,,,,80686745
0064360027,1660,000000000080686745,1650,,,80686745
0064360027,1670,000000000080745864,1650,2,,80686745
0064360027,250,000000000080745222,,10,,80745222
0064360027,260,000000000080764740,,8,,80764740
0064360027,660,000000000082289667,,,,82289667
0064360027,670,000000000082289667,660,,,82289667
0064360027,680,000000000080689255,660,3,,82289667
0064360027,690,000000000082275300,,6,,82275300
0064360027,700,000000000080686769,,10,,80686769
0064360027,1200,000000000082326900,1190,,,82326900
0064360027,1210,000000000080754081,1190,10,,82326900
0064360027,1220,000000000082326899,,,,82326899
0064360027,1230,000000000082326899,1220,,,82326899
0064360027,1680,000000000080742437,,,,80742437
0064360027,1690,000000000080738854,,5,,80738854
0064360027,1700,000000000080730516,,1,,80730516
0064360027,1710,000000000080730518,,5,,80730518
0064360027,1720,000000000080686746,,,,80686746
0064360027,270,000000000080710399,,,,80710399
0064360027,280,000000000080710399,270,,,80710399
0064360027,290,000000000080745221,270,15,,80710399
0064360027,710,000000000082211174,,10,,82211174
0064360027,720,000000000080695899,,10,,80695899
0064360027,1240,000000000080754080,1220,20,,82326899
0064360027,1250,000000000080716280,,3,,80716280
0064360027,1730,000000000080686746,1720,,,80686746
0064360027,1740,000000000080730493,1720,5,,80686746
0064360027,1750,000000000080733174,,10,,80733174
0064360027,1760,000000000080735432,,10,,80735432
0064360027,300,000000000080710402,,,,80710402
0064360027,310,000000000080710402,300,,,80710402
0064360027,320,000000000080745224,300,3,,80710402
0064360027,730,000000000080695908,,3,,80695908
0064360027,740,000000000080695894,,5,,80695894
0064360027,750,000000000082309816,,10,,82309816
0064360027,760,000000000080695887,,2,,80695887
0064360027,770,000000000080695884,,3,,80695884
0064360027,1260,000000000080700197,,10,,80700197
0064360027,1270,000000000080736986,,,,80736986
0064360027,1280,000000000080736986,1270,,,80736986
0064360027,1290,000000000080754099,1270,3,,80736986
0064360027,1300,000000000080741848,,10,,80741848
0064360027,1780,000000000080713446,,3,,80713446
0064360027,1790,000000000080713447,,10,,80713447
0064360027,1800,000000000080713441,,3,,80713441
0064360027,1810,000000000080742436,,5,,80742436
0064360027,1770,000000000080742444,,150,,80742444
0064360027,10,000000000080690178,,,,80690178
0064360027,330,000000000080745227,,5,,80745227
0064360027,340,000000000080710404,,,,80710404
0064360027,350,000000000080710404,340,,,80710404
0064360027,800,000000000080716677,,3,,80716677
0064360027,810,000000000080716675,,5,,80716675
0064360027,780,000000000080695885,,5,,80695885
0064360027,790,000000000080718178,,4,,80718178
0064360027,1310,000000000080738611,,1,,80738611
0064360027,1320,000000000082300179,,,,82300179
0064360027,1330,000000000082300179,1320,,,82300179
0064360027,1340,000000000080740679,1320,15,,82300179
0064360027,1350,000000000080739137,,,,80739137
0064360027,1820,000000000080718768,,107,,80718768
0064360027,1830,000000000080744372,,1,,80744372
0064360027,1840,000000000080744370,,1,,80744370
0064360027,1850,000000000080742440,,3,,80742440
0064360027,1860,000000000080729282,,10,,80729282
0064360027,360,000000000080745226,340,5,,80710404
0064360027,20,000000000080690178,10,1,,80690178
0064360027,30,000000000080768052,10,,,80690178
0064360027,40,000000000080696694,,1,,80696694
0064360027,820,000000000080742603,,3,,80742603
0064360027,830,000000000082223275,,14,,82223275
0064360027,840,000000000080745943,,5,,80745943
0064360027,850,000000000080725123,,10,,80725123
0064360027,1360,000000000080739137,1350,,,80739137
0064360027,1370,000000000080768733,1350,1,,80739137
0064360027,1380,000000000080729428,,5,,80729428
0064360027,1390,000000000080708707,,5,,80708707
0064360027,1400,000000000080691376,,4,,80691376
0064360027,1870,000000000080713440,,5,,80713440
0064360027,1880,000000000080695758,,2,,80695758
0064360027,1890,000000000080695764,,5,,80695764
0064360027,1900,000000000080737823,,,,80737823
0064360027,1910,000000000080736552,,50,,80736552
0064360027,50,000000000080738255,,5,,80738255
0064360027,60,000000000082321845,,5,,82321845
0064360027,70,000000000080717843,,3,,80717843
0064360027,370,000000000080710403,,,,80710403
0064360027,1410,000000000080733224,,,,80733224
0064360027,1420,000000000080754340,,50,,80754340
0064360027,1920,000000000080736573,,30,,80736573
0064360027,80,000000000080757863,,2,,80757863
0064360027,90,000000000082321390,,,,82321390
0064360027,380,000000000080710403,370,,,80710403
0064360027,390,000000000080745225,370,30,,80710403
0064360027,400,000000000080710409,,5,,80710409
0064360027,1430,000000000080738852,,5,,80738852
0064360027,1440,000000000080742446,,100,,80742446
0064360027,1450,000000000080738849,,5,,80738849
0064360027,100,000000000080717296,,1,,80717296
0064360027,110,000000000080717314,,3,,80717314
0064360027,410,000000000080710410,,5,,80710410
0064360027,860,000000000080751313,,,,80751313
0064360027,870,000000000080751765,,,,80751765
0064360027,880,000000000080751765,870,3,,80751765
0064360027,890,000000000080768410,870,,,80751765
0064360027,900,000000000080725121,,25,,80725121
0064360027,1460,000000000080713445,,,,80713445
0064360027,1470,000000000080721515,,,,80721515
0064360027,1480,000000000080721515,1470,,,80721515
0064360027,120,000000000080717313,,3,,80717313
0064360027,130,000000000080721990,,5,,80721990
0064360027,140,000000000080736221,,5,,80736221
0064360027,150,000000000080735218,,2,,80735218
0064360027,160,000000000080703936,,2,,80703936
0064360027,420,000000000080707795,,,,80707795
0064360027,430,000000000080707795,420,,,80707795
0064360027,440,000000000080740794,420,10,,80707795
0064360027,450,000000000080707793,,,,80707793
0064360027,460,000000000080707793,450,3,,80707793
0064360027,910,000000000080741846,,10,,80741846
0064360027,920,000000000082325534,,,,82325534
0064360027,930,000000000082325534,920,,,82325534
0064360027,940,000000000080725124,920,,,82325534
0064360027,950,000000000082328321,,10,,82328321
0064360027,1490,000000000080752084,1470,2,,80721515
0064360027,1500,000000000080721172,,5,,80721172
0064360027,1510,000000000080713443,,5,,80713443
0064360027,1520,000000000080685118,,,,80685118
0064360027,1530,000000000080685118,1520,,,80685118
0064360027,170,000000000080722017,,,,80722017
0064360027,180,000000000080721963,,15,,80721963
0064360027,190,000000000082317850,,,,82317850
0064360027,200,000000000082317850,190,,,82317850
0064360027,210,000000000080746087,190,5,,82317850
0064360027,470,000000000080740792,450,,,80707793
0064360027,480,000000000080707800,,,,80707800
0064360027,490,000000000080707800,480,5,,80707800
0064360027,500,000000000080740790,480,,,80707800
0064360027,510,000000000080684724,,5,,80684724
0064360027,960,000000000082325536,,,,82325536
0064360027,970,000000000082325536,960,,,82325536
0064360027,980,000000000080751769,960,5,,82325536
0064360027,990,000000000082325521,,,,82325521
0064360027,1000,000000000082325521,990,,,82325521
0064360027,1540,000000000080731886,1520,30,,80685118
0064360027,1550,000000000080713444,,1,,80713444
0064360027,1560,000000000080741821,,,,80741821
0064360027,1570,000000000080686749,,,,80686749
0064360027,1580,000000000080686749,1570,,,80686749
0064360027,900001,000000000080722017,,137,170,80722017
0064360027,900002,000000000080722017,,63,170,80722017
0064360027,900003,000000000080684552,,3,640,80684552
0064360027,900010,000000000080742437,,83,1680,80742437
0064360027,900011,000000000080737823,,202,1900,80737823
0064360027,900012,000000000080737823,,98,1900,80737823
0064360028,40,000000000080747104,,10,,80747104
0064360028,10,000000000080736554,,20,,80736554
0064360028,20,000000000080736570,,,,80736570
0064360028,30,000000000080760457,,5,,80760457
0064360028,50,000000000082280368,,5,,82280368
0064360028,60,000000000080718538,,4,,80718538
0064360028,70,000000000080718535,,4,,80718535
0064360028,900001,000000000080736570,,91,20,80736570
0064360028,900002,000000000080736570,,9,20,80736570
0064360096,40,000000000080695764,,,,80695764
0064360096,10,000000000082259569,,,,82259569
0064360096,20,000000000080738256,,,,80738256
0064360096,30,000000000080695750,,,,80695750
0064360096,900003,000000000080695750,,5,30,80695750
0064360096,900002,000000000080738256,,5,20,80738256
0064360096,900001,000000000082259569,,5,10,82259569
0064360096,900004,000000000080695764,,5,40,80695764
0064360098,10,000000000080736570,,,,80736570
0064360098,900001,000000000080736570,,180,10,80736570
0064360098,900002,000000000080736570,,1320,10,80736570
0064360193,900009,000000000080695755,,40,70,80695755
0064360193,900007,000000000082280368,,300,50,82280368
0064360193,900002,000000000082280367,,50,20,82280367
0064360193,10,000000000080695758,,,,80695758
0064360193,20,000000000082280367,,,,82280367
0064360193,30,000000000080695757,,,,80695757
0064360193,40,000000000080695753,,,,80695753
0064360193,50,000000000082280368,,,,82280368
0064360193,60,000000000080695750,,,,80695750
0064360193,70,000000000080695755,,,,80695755
0064360193,80,000000000080695763,,,,80695763
0064360193,900005,000000000080695753,,277,40,80695753
0064360193,900006,000000000080695753,,23,40,80695753
0064360193,900008,000000000080695750,,300,60,80695750
0064360193,900003,000000000080695757,,6,30,80695757
0064360193,900004,000000000080695757,,94,30,80695757
0064360193,900001,000000000080695758,,50,10,80695758
0064360193,900010,000000000080695763,,42,80,80695763
0064360193,900011,000000000080695763,,108,80,80695763
0064360195,10,000000000082280369,,,,82280369
0064360195,20,000000000080736558,,,,80736558
0064360195,30,000000000080736554,,,,80736554
0064360195,40,000000000080736555,,,,80736555
0064360195,50,000000000080736573,,,,80736573
0064360195,900001,000000000082280369,,150,10,82280369
0064360195,900002,000000000080736558,,300,20,80736558
0064360195,900007,000000000080736573,,124,50,80736573
0064360195,900008,000000000080736573,,576,50,80736573
0064360195,900003,000000000080736554,,6,30,80736554
0064360195,900004,000000000080736554,,144,30,80736554
0064360195,900005,000000000080736555,,87,40,80736555
0064360195,900006,000000000080736555,,63,40,80736555
0064360196,10,000000000080736563,,,,80736563
0064360196,20,000000000080736560,,,,80736560
0064360196,30,000000000080736559,,,,80736559
0064360196,40,000000000080736556,,,,80736556
0064360196,50,000000000080736552,,,,80736552
0064360196,900005,000000000080736552,,300,50,80736552
0064360196,900003,000000000080736556,,142,40,80736556
0064360196,900004,000000000080736556,,158,40,80736556
0064360196,900007,000000000080736560,,679,20,80736560
0064360196,900008,000000000080736560,,121,20,80736560
0064360196,900009,000000000080736559,,500,30,80736559
0064360196,900001,000000000080736563,,9,10,80736563
0064360196,900002,000000000080736563,,291,10,80736563
0064360198,900003,000000000080738249,,5,30,80738249
0064360198,900002,000000000080738254,,50,20,80738254
0064360198,10,000000000080738256,,,,80738256
0064360198,20,000000000080738254,,,,80738254
0064360198,30,000000000080738249,,,,80738249
0064360198,900001,000000000080738256,,200,10,80738256
0064360201,10,000000000080735068,,,,80735068
0064360201,20,000000000080735068,10,,,80735068
0064360201,30,000000000080738253,10,,,80735068
0064360201,900002,000000000080738253,,7,30,80735068
0064360201,900003,000000000080738253,,693,30,80735068
0064360240,900003,000000000082264004,,88,20,82264004
0064360240,900004,000000000082264004,,112,20,82264004
0064360240,900001,000000000080737751,,41,10,80737751
0064360240,900002,000000000080737751,,159,10,80737751
0064360240,900005,000000000080737939,,300,30,80737939
0064360240,10,000000000080737751,,,,80737751
0064360240,20,000000000082264004,,,,82264004
0064360240,30,000000000080737939,,,,80737939
0064360243,10,000000000080736573,,,,80736573
0064360243,20,000000000080736570,,,,80736570
0064360243,900002,000000000080736573,,132,10,80736573
0064360243,900001,000000000080736573,,68,10,80736573
0064360243,900003,000000000080736570,,1100,20,80736570
0064360245,330,000000000080693844,320,,,80693844
0064360245,340,000000000080721996,320,20,,80693844
0064360245,350,000000000080717305,,20,,80717305
0064360245,360,000000000080721963,,,,80721963
0064360245,500,000000000080695897,,5,,80695897
0064360245,510,000000000080695893,,10,,80695893
0064360245,520,000000000080695896,,10,,80695896
0064360245,780,000000000080736560,,300,,80736560
0064360245,790,000000000080736559,,300,,80736559
0064360245,800,000000000080742444,,20,,80742444
0064360245,810,000000000080742438,,20,,80742438
0064360245,820,000000000080742437,,30,,80742437
0064360245,370,000000000080717313,,10,,80717313
0064360245,380,000000000080717307,,10,,80717307
0064360245,390,000000000080693850,,,,80693850
0064360245,400,000000000080693850,390,,,80693850
0064360245,410,000000000080721998,390,20,,80693850
0064360245,530,000000000080695890,,10,,80695890
0064360245,540,000000000080695884,,10,,80695884
0064360245,420,000000000080721997,,20,,80721997
0064360245,430,000000000080721995,,10,,80721995
0064360245,440,000000000080717314,,10,,80717314
0064360245,450,000000000080717304,,10,,80717304
0064360245,460,000000000080721991,,,,80721991
0064360245,550,000000000080738394,,20,,80738394
0064360245,560,000000000080708707,,,,80708707
0064360245,570,000000000080691388,,20,,80691388
0064360245,580,000000000080691397,,10,,80691397
0064360245,590,000000000080708721,,10,,80708721
0064360245,830,000000000080768049,,37,,80768049
0064360245,840,000000000080741846,,,,80741846
0064360245,850,000000000082328321,,,,82328321
0064360245,860,000000000080700197,,162,,80700197
0064360245,10,000000000080741478,,20,,80741478
0064360245,470,000000000080736222,,,,80736222
0064360245,480,000000000082256025,,20,,82256025
0064360245,490,000000000080695899,,5,,80695899
0064360245,600,000000000080738608,,20,,80738608
0064360245,610,000000000080691380,,20,,80691380
0064360245,620,000000000080708706,,20,,80708706
0064360245,630,000000000080708719,,1,,80708719
0064360245,640,000000000080691386,,5,,80691386
0064360245,20,000000000080741471,,20,,80741471
0064360245,30,000000000080741458,,20,,80741458
0064360245,40,000000000080741470,,20,,80741470
0064360245,50,000000000082326901,,,,82326901
0064360245,60,000000000082326901,50,,,82326901
0064360245,650,000000000080691399,,3,,80691399
0064360245,660,000000000080691398,,3,,80691398
0064360245,670,000000000080691376,,3,,80691376
0064360245,680,000000000080691375,,3,,80691375
0064360245,690,000000000080691400,,,,80691400
0064360245,70,000000000080754094,50,20,,82326901
0064360245,80,000000000082326900,,,,82326900
0064360245,90,000000000082326900,80,,,82326900
0064360245,100,000000000080754081,80,20,,82326900
0064360245,110,000000000082326904,,,,82326904
0064360245,700,000000000080686747,,,,80686747
0064360245,710,000000000080686747,700,,,80686747
0064360245,720,000000000080730494,700,10,,80686747
0064360245,730,000000000080742447,,10,,80742447
0064360245,740,000000000080747112,,30,,80747112
0064360245,120,000000000082326904,110,,,82326904
0064360245,130,000000000080754067,110,20,,82326904
0064360245,140,000000000080725123,,,,80725123
0064360245,150,000000000080721757,,10,,80721757
0064360245,160,000000000080745851,,20,,80745851
0064360245,170,000000000080745852,,10,,80745852
0064360245,180,000000000080721758,,10,,80721758
0064360245,190,000000000080741546,,30,,80741546
0064360245,200,000000000080721762,,,,80721762
0064360245,210,000000000080721764,,20,,80721764
0064360245,220,000000000080741544,,30,,80741544
0064360245,230,000000000080741551,,,,80741551
0064360245,260,000000000080741552,240,30,,82325543
0064360245,270,000000000080741545,,20,,80741545
0064360245,240,000000000082325543,,,,82325543
0064360245,250,000000000082325543,240,,,82325543
0064360245,280,000000000080721765,,20,,80721765
0064360245,290,000000000080751314,,5,,80751314
0064360245,300,000000000080751313,,,,80751313
0064360245,310,000000000080741549,,,,80741549
0064360245,320,000000000080693844,,,,80693844
0064360245,750,000000000082257278,,,,82257278
0064360245,760,000000000082257278,750,,,82257278
0064360245,770,000000000080747114,750,30,,82257278
0064360245,900002,000000000080725123,,6,140,80725123
0064360245,900003,000000000080721762,,10,200,80721762
0064360245,900004,000000000080721762,,10,200,80721762
0064360245,900005,000000000080741551,,4,230,80741551
0064360245,900006,000000000080741551,,26,230,80741551
0064360245,900007,000000000080721963,,16,360,80721963
0064360245,900008,000000000080721963,,4,360,80721963
0064360245,900009,000000000080736222,,18,470,80736222
0064360245,900010,000000000080736222,,2,470,80736222
0064360245,900011,000000000080708707,,10,560,80708707
0064360245,900012,000000000080708707,,10,560,80708707
0064360245,900013,000000000080741846,,39,840,80741846
0064360245,900014,000000000080741846,,120,840,80741846
0064360245,900015,000000000080741846,,60,840,80741846
0064360245,900016,000000000082328321,,67,850,82328321
0064360245,900017,000000000082328321,,50,850,82328321
0064360245,900001,000000000080725123,,4,140,80725123
0064360246,10,000000000080763233,,45,,80763233
0064360246,20,000000000080763232,,112,,80763232
0064360246,30,000000000080763230,,,,80763230
0064360246,40,000000000080763231,,,,80763231
0064360246,900002,000000000080763230,,240,30,80763230
0064360246,900003,000000000080763231,,14,40,80763231
0064360246,900004,000000000080763231,,27,40,80763231
0064360246,900001,000000000080763230,,63,30,80763230
0064360279,330,000000000082256025,,150,,82256025
0064360279,340,000000000082286878,,10,,82286878
0064360279,350,000000000082245410,,30,,82245410
0064360279,360,000000000082255878,,,,82255878
0064360279,370,000000000082281872,,,,82281872
0064360279,380,000000000080695905,,30,,80695905
0064360279,390,000000000080720485,,15,,80720485
0064360279,400,000000000080742349,,2,,80742349
0064360279,410,000000000080742348,,10,,80742348
0064360279,10,000000000080736560,,500,,80736560
0064360279,420,000000000080685837,,5,,80685837
0064360279,430,000000000082236658,,3,,82236658
0064360279,440,000000000080684552,,,,80684552
0064360279,450,000000000080684552,440,,,80684552
0064360279,460,000000000080747288,440,,,80684552
0064360279,20,000000000080736559,,100,,80736559
0064360279,30,000000000080736556,,100,,80736556
0064360279,40,000000000080736552,,100,,80736552
0064360279,50,000000000080741819,,,,80741819
0064360279,60,000000000080741820,,,,80741820
0064360279,470,000000000080684553,,,,80684553
0064360279,480,000000000080684553,470,,,80684553
0064360279,490,000000000080747289,470,,,80684553
0064360279,500,000000000080710404,,,,80710404
0064360279,510,000000000080710404,500,,,80710404
0064360279,520,000000000080745226,500,20,,80710404
0064360279,530,000000000080710399,,,,80710399
0064360279,540,000000000080710399,530,,,80710399
0064360279,550,000000000080745221,530,30,,80710399
0064360279,70,000000000080742701,,,,80742701
0064360279,80,000000000080742700,,,,80742700
0064360279,90,000000000080695884,,30,,80695884
0064360279,100,000000000080716677,,,,80716677
0064360279,110,000000000080718178,,20,,80718178
0064360279,560,000000000080764740,,10,,80764740
0064360279,570,000000000080684724,,10,,80684724
0064360279,580,000000000080684726,,20,,80684726
0064360279,590,000000000080684706,,10,,80684706
0064360279,600,000000000080684708,,10,,80684708
0064360279,120,000000000080716675,,20,,80716675
0064360279,130,000000000080716680,,30,,80716680
0064360279,140,000000000080716676,,,,80716676
0064360279,150,000000000080718177,,20,,80718177
0064360279,630,000000000080684717,,10,,80684717
0064360279,610,000000000082313296,,20,,82313296
0064360279,620,000000000080684719,,10,,80684719
0064360279,160,000000000080716679,,,,80716679
0064360279,170,000000000080707736,,,,80707736
0064360279,180,000000000080707736,170,,,80707736
0064360279,190,000000000080753464,170,20,,80707736
0064360279,200,000000000080707896,,,,80707896
0064360279,210,000000000080707896,200,,,80707896
0064360279,220,000000000080753463,200,3,,80707896
0064360279,230,000000000082256027,,70,,82256027
0064360279,240,000000000082245409,,,,82245409
0064360279,250,000000000082286892,,20,,82286892
0064360279,260,000000000080695896,,30,,80695896
0064360279,270,000000000080695893,,30,,80695893
0064360279,280,000000000080695902,,30,,80695902
0064360279,290,000000000080695890,,,,80695890
0064360279,300,000000000080695904,,30,,80695904
0064360279,310,000000000080695898,,20,,80695898
0064360279,320,000000000080695900,,20,,80695900
0064360279,900001,000000000080716677,,8,100,80716677
0064360279,900002,000000000080716677,,12,100,80716677
0064360279,900003,000000000080716676,,5,140,80716676
0064360279,900004,000000000080716676,,15,140,80716676
0064360279,900005,000000000080716679,,1,160,80716679
0064360279,900006,000000000080716679,,19,160,80716679
0064360279,900007,000000000082245409,,22,240,82245409
0064360279,900008,000000000082245409,,8,240,82245409
0064360279,900009,000000000080695890,,5,290,80695890
0064360279,900010,000000000080695890,,55,290,80695890
0064360279,900011,000000000082255878,,49,360,82255878
0064360279,900012,000000000082255878,,1,360,82255878
0064360279,900013,000000000082281872,,6,370,82281872
0064360279,900014,000000000082281872,,24,370,82281872
0064360279,900015,000000000080684552,,216,450,80684552
0064360279,900016,000000000080684552,,179,450,80684552
0064360279,900017,000000000080684552,,305,450,80684552
0064360279,900018,000000000080684553,,11,480,80684553
0064360279,900019,000000000080684553,,89,480,80684553
0064360282,200,000000000080715459,,5,,80715459
0064360282,210,000000000082326913,,,,82326913
0064360282,220,000000000080716276,,,,80716276
0064360282,230,000000000080716276,220,10,,80716276
0064360282,240,000000000080754077,220,,,80716276
0064360282,250,000000000080751778,,,,80751778
0064360282,260,000000000080751778,250,30,,80751778
0064360282,270,000000000080768407,250,,,80751778
0064360282,280,000000000080745943,,30,,80745943
0064360282,290,000000000080736222,,8,,80736222
0064360282,300,000000000080735217,,5,,80735217
0064360282,310,000000000080736221,,8,,80736221
0064360282,320,000000000080739137,,,,80739137
0064360282,330,000000000080739137,320,,,80739137
0064360282,340,000000000080768733,320,2,,80739137
0064360282,350,000000000080738611,,,,80738611
0064360282,360,000000000080691380,,10,,80691380
0064360282,370,000000000080708719,,,,80708719
0064360282,380,000000000080738838,,5,,80738838
0064360282,390,000000000080691400,,,,80691400
0064360282,400,000000000082324239,,,,82324239
0064360282,410,000000000082324239,400,,,82324239
0064360282,10,000000000080710410,,100,,80710410
0064360282,20,000000000080710409,,,,80710409
0064360282,420,000000000080744721,400,3,,82324239
0064360282,430,000000000082316463,,,,82316463
0064360282,440,000000000082316462,,,,82316462
0064360282,450,000000000082316462,440,,,82316462
0064360282,460,000000000080744722,440,,,82316462
0064360282,30,000000000080698858,,3,,80698858
0064360282,40,000000000080698212,,3,,80698212
0064360282,50,000000000080707797,,,,80707797
0064360282,60,000000000080707797,50,2,,80707797
0064360282,70,000000000080740796,50,,,80707797
0064360282,470,000000000082316464,,,,82316464
0064360282,480,000000000080713977,,,,80713977
0064360282,490,000000000080713977,480,3,,80713977
0064360282,500,000000000080763265,480,,,80713977
0064360282,510,000000000080713979,,3,,80713979
0064360282,80,000000000082294197,,6,,82294197
0064360282,90,000000000082294198,,7,,82294198
0064360282,100,000000000082294199,,7,,82294199
0064360282,110,000000000082294200,,10,,82294200
0064360282,120,000000000082294201,,7,,82294201
0064360282,130,000000000080696694,,3,,80696694
0064360282,140,000000000080682899,,3,,80682899
0064360282,150,000000000080682901,,3,,80682901
0064360282,160,000000000080707790,,10,,80707790
0064360282,170,000000000080707789,,10,,80707789
0064360282,180,000000000080691427,,1,,80691427
0064360282,190,000000000082326949,,5,,82326949
0064360282,900001,000000000080710409,,270,20,80710409
0064360282,900002,000000000080710409,,80,20,80710409
0064360282,900003,000000000082326913,,1,210,82326913
0064360282,900004,000000000082326913,,1,210,82326913
0064360282,900005,000000000080738611,,48,350,80738611
0064360282,900006,000000000080738611,,22,350,80738611
0064362102,50,000000000080758451,,3,,80758451
0064362102,60,000000000080736574,,,,80736574
0064362102,70,000000000080730540,,,,80730540
0064362102,80,000000000080730540,70,,,80730540
0064362102,90,000000000080747555,70,50,,80730540
0064362102,10,000000000080733219,,46,,80733219
0064362102,20,000000000080754340,,70,,80754340
0064362102,30,000000000080763233,,20,,80763233
0064362102,40,000000000080736561,,50,,80736561
0064362102,900001,000000000080736574,,474,60,80736574
0064362102,900002,000000000080736574,,26,60,80736574
0064362106,10,000000000082294196,,,,82294196
0064362106,20,000000000080721979,,30,,80721979
0064362106,30,000000000080693850,,,,80693850
0064362106,40,000000000080693850,30,,,80693850
0064362106,50,000000000080721998,30,10,,80693850
0064362106,60,000000000080693844,,,,80693844
0064362106,70,000000000080693844,60,,,80693844
0064362106,80,000000000080721996,60,15,,80693844
0064362106,90,000000000080701310,,20,,80701310
0064362106,100,000000000080721997,,5,,80721997
0064362106,110,000000000080741455,,10,,80741455
0064362106,120,000000000080741469,,5,,80741469
0064362106,130,000000000080741454,,10,,80741454
0064362106,140,000000000080741471,,10,,80741471
0064362106,150,000000000080741470,,5,,80741470
0064362106,160,000000000080741463,,5,,80741463
0064362106,170,000000000080741464,,5,,80741464
0064362106,180,000000000080741462,,10,,80741462
0064362106,190,000000000080702065,,,,80702065
0064362106,200,000000000080702065,190,,,80702065
0064362106,210,000000000080742571,190,,,80702065
0064362106,220,000000000080765617,,20,,80765617
0064362106,900001,000000000082294196,,8,10,82294196
0064362106,900002,000000000082294196,,12,10,82294196
0064362106,900003,000000000080742571,,7,210,80702065
0064362106,900004,000000000080742571,,33,210,80702065
0064362109,60,000000000080704504,,1,,80704504
0064362109,30,000000000080741411,,1,,80741411
0064362109,40,000000000082311619,,1,,82311619
0064362109,50,000000000080739203,,2,,80739203
0064362109,70,000000000080696678,,1,,80696678
0064362109,80,000000000080738897,,1,,80738897
0064362109,90,000000000080751316,,1,,80751316
0064362109,100,000000000080701635,,1,,80701635
0064362109,10,000000000080744195,,1,,80744195
0064362109,20,000000000082322189,,1,,82322189
0064362188,900006,000000000080707792,,2,610,80707792
0064362188,900007,000000000080741470,,2,1910,80741470
0064362188,900008,000000000080741470,,1,1910,80741470
0064362188,900010,000000000080760839,,1,2660,80730501
0064362188,900001,000000000080738254,,9,30,80738254
0064362188,900003,000000000080717304,,1,80,80717304
0064362188,900004,000000000080717304,,2,80,80717304
0064362188,900002,000000000080738254,,1,30,80738254
0064362188,900005,000000000080707792,,2,610,80707792
0064362188,900009,000000000080760839,,3,2660,80730501
0064362188,900012,000000000080760454,,3,3190,80760454
0064362188,900013,000000000080760454,,37,3190,80760454
0064362188,900011,000000000080760454,,60,3190,80760454
0064362188,100,000000000080717296,,1,,80717296
0064362188,2790,000000000080686711,2780,,,80686711
0064362188,2800,000000000080730520,2780,10,,80686711
0064362188,2810,000000000080714032,,1,,80714032
0064362188,2820,000000000080714016,,1,,80714016
0064362188,3060,000000000080752086,3040,,,80742607
0064362188,3070,000000000080717857,,1,,80717857
0064362188,3080,000000000080716272,,1,,80716272
0064362188,3090,000000000080714956,,,,80714956
0064362188,3100,000000000080714956,3090,,,80714956
0064362188,110,000000000080717314,,3,,80717314
0064362188,120,000000000080717313,,4,,80717313
0064362188,130,000000000080717299,,3,,80717299
0064362188,140,000000000080717309,,1,,80717309
0064362188,1180,000000000080742603,,1,,80742603
0064362188,3110,000000000080763234,3090,30,,80714956
0064362188,3120,000000000080695758,,2,,80695758
0064362188,3130,000000000080736559,,25,,80736559
0064362188,3140,000000000080736556,,50,,80736556
0064362188,150,000000000080717311,,2,,80717311
0064362188,610,000000000080707792,600,,,80707792
0064362188,620,000000000080740791,600,,,80707792
0064362188,630,000000000080707898,,5,,80707898
0064362188,640,000000000080684725,,5,,80684725
0064362188,650,000000000080684728,,10,,80684728
0064362188,1190,000000000082309857,,8,,82309857
0064362188,1200,000000000080720846,,1,,80720846
0064362188,1210,000000000080728726,,3,,80728726
0064362188,1220,000000000080741549,,,,80741549
0064362188,1230,000000000080741550,,1,,80741550
0064362188,1770,000000000080716275,1760,2,,80716275
0064362188,1780,000000000080754076,1760,,,80716275
0064362188,1790,000000000082326901,,,,82326901
0064362188,1800,000000000082326901,1790,,,82326901
0064362188,1810,000000000080754094,1790,4,,82326901
0064362188,2360,000000000080742447,,5,,80742447
0064362188,2370,000000000080713445,,,,80713445
0064362188,2380,000000000080713443,,1,,80713443
0064362188,2390,000000000080686694,,,,80686694
0064362188,2400,000000000080686694,2390,,,80686694
0064362188,2830,000000000080742449,,5,,80742449
0064362188,2840,000000000080730506,,,,80730506
0064362188,2850,000000000080730506,2840,,,80730506
0064362188,2860,000000000080747551,2840,3,,80730506
0064362188,2870,000000000080742439,,8,,80742439
0064362188,1260,000000000080741545,,3,,80741545
0064362188,1270,000000000080741547,,2,,80741547
0064362188,1280,000000000080725123,,6,,80725123
0064362188,1240,000000000080741548,,2,,80741548
0064362188,1250,000000000080741546,,1,,80741546
0064362188,1820,000000000082326896,,,,82326896
0064362188,1830,000000000082326896,1820,3,,82326896
0064362188,1840,000000000080754093,1820,,,82326896
0064362188,690,000000000080684553,,,,80684553
0064362188,700,000000000080684553,690,5,,80684553
0064362188,660,000000000080684719,,10,,80684719
0064362188,670,000000000080685187,,20,,80685187
0064362188,680,000000000080684717,,10,,80684717
0064362188,1290,000000000080741553,,2,,80741553
0064362188,1850,000000000080741455,,7,,80741455
0064362188,1860,000000000080741457,,5,,80741457
0064362188,1870,000000000080741469,,3,,80741469
0064362188,1880,000000000080741475,,2,,80741475
0064362188,2410,000000000080730533,2390,1,,80686694
0064362188,2420,000000000080686741,,,,80686741
0064362188,2430,000000000080686741,2420,,,80686741
0064362188,2440,000000000080730499,2420,2,,80686741
0064362188,2450,000000000080686740,,,,80686740
0064362188,2890,000000000080730518,,2,,80730518
0064362188,2880,000000000080742437,,10,,80742437
0064362188,3150,000000000080736560,,25,,80736560
0064362188,3160,000000000080736572,,2,,80736572
0064362188,3170,000000000080747116,,5,,80747116
0064362188,3180,000000000080763233,,7,,80763233
0064362188,3190,000000000080760454,,,,80760454
0064362188,160,000000000080717316,,2,,80717316
0064362188,170,000000000080721972,,4,,80721972
0064362188,180,000000000080736222,,1,,80736222
0064362188,190,000000000080693825,,,,80693825
0064362188,200,000000000080693825,190,,,80693825
0064362188,710,000000000080747289,690,,,80684553
0064362188,720,000000000080684552,,,,80684552
0064362188,730,000000000080684552,720,8,,80684552
0064362188,740,000000000080747288,720,,,80684552
0064362188,750,000000000080758451,,20,,80758451
0064362188,1300,000000000080741544,,1,,80741544
0064362188,1310,000000000080741542,,5,,80741542
0064362188,1320,000000000080741541,,7,,80741541
0064362188,1330,000000000080725121,,3,,80725121
0064362188,1340,000000000080725122,,8,,80725122
0064362188,1890,000000000080741454,,9,,80741454
0064362188,1900,000000000080741471,,8,,80741471
0064362188,2460,000000000080686740,2450,,,80686740
0064362188,2470,000000000080730498,2450,8,,80686740
0064362188,3200,000000000080762646,,9,,80762646
0064362188,3210,000000000080747104,,5,,80747104
0064362188,3220,000000000080747093,,5,,80747093
0064362188,3230,000000000080747105,,5,,80747105
0064362188,3240,000000000080747112,,2,,80747112
0064362188,210,000000000080721999,190,2,,80693825
0064362188,220,000000000080693850,,,,80693850
0064362188,230,000000000080693850,220,,,80693850
0064362188,240,000000000080721998,220,6,,80693850
0064362188,250,000000000080693844,,,,80693844
0064362188,760,000000000082313296,,10,,82313296
0064362188,770,000000000082313294,,5,,82313294
0064362188,780,000000000080728863,,5,,80728863
0064362188,1350,000000000080751768,,1,,80751768
0064362188,1360,000000000082325565,,,,82325565
0064362188,1370,000000000082325565,1360,,,82325565
0064362188,1380,000000000080742025,1360,1,,82325565
0064362188,1910,000000000080741470,,,,80741470
0064362188,1920,000000000080707759,,,,80707759
0064362188,1930,000000000080707759,1920,,,80707759
0064362188,1940,000000000080741480,1920,7,,80707759
0064362188,1950,000000000080741456,,3,,80741456
0064362188,2480,000000000080686713,,,,80686713
0064362188,2900,000000000080742444,,10,,80742444
0064362188,2910,000000000080713446,,1,,80713446
0064362188,3250,000000000080712396,,1,,80712396
0064362188,3260,000000000082292589,,1,,82292589
0064362188,3270,000000000082267797,,,,82267797
0064362188,3280,000000000082267797,3270,,,82267797
0064362188,260,000000000080693844,250,,,80693844
0064362188,270,000000000080721996,250,6,,80693844
0064362188,280,000000000080717306,,3,,80717306
0064362188,290,000000000080717305,,4,,80717305
0064362188,300,000000000080717322,,1,,80717322
0064362188,790,000000000080728859,,5,,80728859
0064362188,800,000000000080728861,,5,,80728861
0064362188,810,000000000080698858,,5,,80698858
0064362188,820,000000000080687460,,1,,80687460
0064362188,830,000000000080695900,,2,,80695900
0064362188,1390,000000000080745249,,1,,80745249
0064362188,1400,000000000082325534,,,,82325534
0064362188,1410,000000000082325534,1400,,,82325534
0064362188,1960,000000000080741463,,3,,80741463
0064362188,1970,000000000080742079,,2,,80742079
0064362188,1980,000000000080741472,,5,,80741472
0064362188,1990,000000000080741473,,7,,80741473
0064362188,2000,000000000080741478,,3,,80741478
0064362188,2490,000000000080686713,2480,,,80686713
0064362188,2500,000000000080730527,2480,1,,80686713
0064362188,310,000000000080717307,,4,,80717307
0064362188,320,000000000080701310,,10,,80701310
0064362188,330,000000000080722023,,2,,80722023
0064362188,340,000000000080722012,,3,,80722012
0064362188,350,000000000080721995,,5,,80721995
0064362188,840,000000000080695901,,3,,80695901
0064362188,850,000000000080695898,,2,,80695898
0064362188,860,000000000080695899,,2,,80695899
0064362188,870,000000000080707089,,,,80707089
0064362188,880,000000000080707089,870,,,80707089
0064362188,1420,000000000080725124,1400,5,,82325534
0064362188,1430,000000000082328321,,10,,82328321
0064362188,1440,000000000082325521,,,,82325521
0064362188,1450,000000000082325521,1440,,,82325521
0064362188,1460,000000000080751771,1440,5,,82325521
0064362188,2010,000000000080741458,,2,,80741458
0064362188,2020,000000000082326900,,,,82326900
0064362188,2030,000000000082326900,2020,,,82326900
0064362188,2040,000000000080754081,2020,4,,82326900
0064362188,2050,000000000082326899,,,,82326899
0064362188,2510,000000000080686717,,,,80686717
0064362188,2520,000000000080686717,2510,,,80686717
0064362188,2530,000000000080730530,2510,3,,80686717
0064362188,3290,000000000080694723,3270,1,,82267797
0064362188,3300,000000000080746750,,1,,80746750
0064362188,370,000000000080721962,,4,,80721962
0064362188,360,000000000080721963,,5,,80721963
0064362188,380,000000000080721969,,4,,80721969
0064362188,890,000000000080760026,870,2,,80707089
0064362188,2060,000000000082326899,2050,,,82326899
0064362188,2070,000000000080754080,2050,5,,82326899
0064362188,2080,000000000080745248,,,,80745248
0064362188,2090,000000000080745248,2080,1,,80745248
0064362188,2540,000000000080686714,,,,80686714
0064362188,2550,000000000080686714,2540,,,80686714
0064362188,2560,000000000080730528,2540,7,,80686714
0064362188,2570,000000000080686700,,,,80686700
0064362188,2580,000000000080686700,2570,,,80686700
0064362188,2920,000000000080721175,,,,80721175
0064362188,390,000000000082317850,,,,82317850
0064362188,400,000000000082317850,390,,,82317850
0064362188,410,000000000080746087,390,5,,82317850
0064362188,420,000000000080745222,,15,,80745222
0064362188,900,000000000080695907,,1,,80695907
0064362188,910,000000000080695908,,1,,80695908
0064362188,920,000000000080695897,,4,,80695897
0064362188,930,000000000080695904,,2,,80695904
0064362188,940,000000000080695905,,2,,80695905
0064362188,1510,000000000082326932,1500,,,82326932
0064362188,1470,000000000082326938,,,,82326938
0064362188,1480,000000000082326938,1470,2,,82326938
0064362188,1490,000000000080754073,1470,,,82326938
0064362188,1500,000000000082326932,,,,82326932
0064362188,2100,000000000080768811,2080,,,80745248
0064362188,2110,000000000082326913,,1,,82326913
0064362188,2120,000000000080700197,,18,,80700197
0064362188,2130,000000000080736982,,,,80736982
0064362188,2590,000000000080730534,2570,1,,80686700
0064362188,2600,000000000080730502,,,,80730502
0064362188,2930,000000000080742436,,10,,80742436
0064362188,2940,000000000080742442,,1,,80742442
0064362188,430,000000000080764740,,20,,80764740
0064362188,950,000000000082309813,,3,,82309813
0064362188,960,000000000080695890,,3,,80695890
0064362188,970,000000000082309816,,5,,82309816
0064362188,980,000000000080695893,,3,,80695893
0064362188,990,000000000080695894,,4,,80695894
0064362188,1520,000000000080754072,1500,2,,82326932
0064362188,1530,000000000080715460,,,,80715460
0064362188,1540,000000000080715460,1530,1,,80715460
0064362188,1550,000000000080754068,1530,,,80715460
0064362188,1560,000000000082326904,,,,82326904
0064362188,2140,000000000080736982,2130,1,,80736982
0064362188,2150,000000000080754096,2130,,,80736982
0064362188,2160,000000000080741848,,10,,80741848
0064362188,2170,000000000080738395,,1,,80738395
0064362188,2180,000000000080738611,,1,,80738611
0064362188,2610,000000000080730502,2600,1,,80730502
0064362188,2620,000000000080760838,2600,,,80730502
0064362188,2630,000000000080730536,,4,,80730536
0064362188,2640,000000000080730501,,,,80730501
0064362188,10,000000000080738795,,5,,80738795
0064362188,440,000000000080710399,,,,80710399
0064362188,450,000000000080710399,440,,,80710399
0064362188,460,000000000080745221,440,15,,80710399
0064362188,470,000000000080710407,,,,80710407
0064362188,480,000000000080710407,470,,,80710407
0064362188,1010,000000000080720484,,5,,80720484
0064362188,1020,000000000080718177,,1,,80718177
0064362188,1030,000000000080716677,,2,,80716677
0064362188,1040,000000000080765420,,5,,80765420
0064362188,1000,000000000082326521,,10,,82326521
0064362188,1570,000000000082326904,1560,,,82326904
0064362188,1580,000000000080754067,1560,5,,82326904
0064362188,1590,000000000082326902,,,,82326902
0064362188,1600,000000000082326902,1590,,,82326902
0064362188,1610,000000000080754066,1590,3,,82326902
0064362188,2190,000000000080739136,,,,80739136
0064362188,2200,000000000080739136,2190,,,80739136
0064362188,2210,000000000080768732,2190,1,,80739136
0064362188,2220,000000000080738394,,1,,80738394
0064362188,2230,000000000080708707,,1,,80708707
0064362188,2650,000000000080730501,2640,,,80730501
0064362188,2660,000000000080760839,2640,,,80730501
0064362188,2670,000000000080696554,,,,80696554
0064362188,2680,000000000080696554,2670,,,80696554
0064362188,2690,000000000080745857,2670,,,80696554
0064362188,2950,000000000080745251,,1,,80745251
0064362188,2960,000000000080765617,,20,,80765617
0064362188,2970,000000000080742441,,7,,80742441
0064362188,2980,000000000080729282,,1,,80729282
0064362188,2990,000000000080729281,,3,,80729281
0064362188,20,000000000080738792,,9,,80738792
0064362188,30,000000000080738254,,,,80738254
0064362188,40,000000000080735065,,,,80735065
0064362188,50,000000000080735065,40,,,80735065
0064362188,60,000000000080738251,40,3,,80735065
0064362188,490,000000000080745229,470,5,,80710407
0064362188,500,000000000080710405,,,,80710405
0064362188,510,000000000080710405,500,,,80710405
0064362188,520,000000000080745228,500,5,,80710405
0064362188,530,000000000080710404,,,,80710404
0064362188,1050,000000000080726401,,5,,80726401
0064362188,1060,000000000080724633,,7,,80724633
0064362188,1070,000000000080716679,,1,,80716679
0064362188,1080,000000000080716680,,2,,80716680
0064362188,1090,000000000080713455,,,,80713455
0064362188,1620,000000000080715461,,,,80715461
0064362188,1630,000000000082326936,,,,82326936
0064362188,1640,000000000082326936,1630,2,,82326936
0064362188,1650,000000000080754083,1630,,,82326936
0064362188,1660,000000000082327313,,,,82327313
0064362188,2240,000000000080691388,,1,,80691388
0064362188,2250,000000000080691397,,1,,80691397
0064362188,2260,000000000080708721,,1,,80708721
0064362188,2270,000000000080742381,,7,,80742381
0064362188,2280,000000000080742438,,11,,80742438
0064362188,2700,000000000080730492,,7,,80730492
0064362188,2710,000000000080686750,,1,,80686750
0064362188,2720,000000000080686747,,,,80686747
0064362188,2730,000000000080686747,2720,,,80686747
0064362188,3000,000000000080721174,,1,,80721174
0064362188,70,000000000080742474,,2,,80742474
0064362188,80,000000000080717304,,,,80717304
0064362188,90,000000000080717303,,4,,80717303
0064362188,540,000000000080710404,530,,,80710404
0064362188,550,000000000080745226,530,5,,80710404
0064362188,1100,000000000080713455,1090,,,80713455
0064362188,1110,000000000080760347,1090,5,,80713455
0064362188,1120,000000000080707737,,,,80707737
0064362188,1670,000000000082327313,1660,3,,82327313
0064362188,1680,000000000080754089,1660,,,82327313
0064362188,1690,000000000082326874,,,,82326874
0064362188,1700,000000000082326874,1690,2,,82326874
0064362188,1710,000000000080754088,1690,,,82326874
0064362188,2290,000000000082322607,,,,82322607
0064362188,2300,000000000082322607,2290,,,82322607
0064362188,560,000000000080710409,,8,,80710409
0064362188,570,000000000080707795,,,,80707795
0064362188,580,000000000080707795,570,,,80707795
0064362188,590,000000000080740794,570,10,,80707795
0064362188,600,000000000080707792,,,,80707792
0064362188,1130,000000000080707737,1120,,,80707737
0064362188,1140,000000000080753466,1120,1,,80707737
0064362188,1150,000000000080707736,,,,80707736
0064362188,1160,000000000080707736,1150,,,80707736
0064362188,1170,000000000080753464,1150,1,,80707736
0064362188,1720,000000000080737957,,1,,80737957
0064362188,1730,000000000080716276,,,,80716276
0064362188,1740,000000000080716276,1730,1,,80716276
0064362188,1750,000000000080754077,1730,,,80716276
0064362188,1760,000000000080716275,,,,80716275
0064362188,2350,000000000080742448,,5,,80742448
0064362188,2310,000000000080741797,2290,1,,82322607
0064362188,2320,000000000082322606,,,,82322606
0064362188,2330,000000000082322606,2320,,,82322606
0064362188,2340,000000000080741796,2320,1,,82322606
0064362188,2740,000000000080730494,2720,2,,80686747
0064362188,2750,000000000080686710,,,,80686710
0064362188,2760,000000000080686710,2750,,,80686710
0064362188,2770,000000000080730519,2750,2,,80686710
0064362188,2780,000000000080686711,,,,80686711
0064362188,3010,000000000080742440,,10,,80742440
0064362188,3020,000000000080733174,,5,,80733174
0064362188,3030,000000000080745856,,2,,80745856
0064362188,3040,000000000080742607,,,,80742607
0064362188,3050,000000000080742607,3040,,,80742607
0064362204,900001,000000000080684726,,1,260,80684726
0064362204,900002,000000000080684726,,2,260,80684726
0064362204,900003,000000000080749731,,5,930,80749731
0064362204,900004,000000000080749731,,20,930,80749731
0064362204,900005,000000000080741469,,2,1040,80741469
0064362204,900006,000000000080741469,,28,1040,80741469
0064362204,900007,000000000080741480,,8,1110,80707759
0064362204,900008,000000000080741480,,117,1110,80707759
0064362204,900009,000000000080747550,,5,1310,80730543
0064362204,900010,000000000080747550,,55,1310,80730543
0064362204,900011,000000000080742446,,240,1380,80742446
0064362204,900012,000000000080742446,,78,1380,80742446
0064362204,900013,000000000080742446,,38,1380,80742446
0064362204,900014,000000000080742446,,4,1380,80742446
0064362204,900015,000000000080730492,,12,1470,80730492
0064362204,900016,000000000080730492,,23,1470,80730492
0064362204,60,000000000080693825,50,,,80693825
0064362204,70,000000000080721999,50,30,,80693825
0064362204,80,000000000080717322,,2,,80717322
0064362204,90,000000000080722023,,40,,80722023
0064362204,610,000000000080707736,600,,,80707736
0064362204,620,000000000080753464,600,4,,80707736
0064362204,630,000000000080707737,,,,80707737
0064362204,640,000000000080707737,630,,,80707737
0064362204,1180,000000000082326913,,3,,82326913
0064362204,1190,000000000080736982,,,,80736982
0064362204,1200,000000000080736982,1190,5,,80736982
0064362204,1210,000000000080754096,1190,1,,80736982
0064362204,1220,000000000080708706,,5,,80708706
0064362204,100,000000000080693827,,,,80693827
0064362204,110,000000000080693827,100,,,80693827
0064362204,120,000000000080722022,100,30,,80693827
0064362204,130,000000000080722012,,5,,80722012
0064362204,140,000000000080721997,,3,,80721997
0064362204,650,000000000080753466,630,4,,80707737
0064362204,660,000000000082255878,,15,,82255878
0064362204,670,000000000082256027,,30,,82256027
0064362204,680,000000000080745943,,1,,80745943
0064362204,690,000000000080741549,,,,80741549
0064362204,1230,000000000080708707,,5,,80708707
0064362204,1240,000000000080691380,,3,,80691380
0064362204,1250,000000000080691388,,5,,80691388
0064362204,1260,000000000080742650,,10,,80742650
0064362204,1270,000000000080742438,,20,,80742438
0064362204,700,000000000080721762,,3,,80721762
0064362204,1280,000000000080742585,,50,,80742585
0064362204,1290,000000000080730543,,,,80730543
0064362204,1300,000000000080730543,1290,,,80730543
0064362204,1310,000000000080747550,1290,,,80730543
0064362204,1320,000000000080730506,,,,80730506
0064362204,150,000000000080693844,,,,80693844
0064362204,160,000000000080693844,150,,,80693844
0064362204,170,000000000080721996,150,15,,80693844
0064362204,720,000000000080751779,,,,80751779
0064362204,730,000000000080751779,720,8,,80751779
0064362204,740,000000000080768408,720,,,80751779
0064362204,750,000000000080751778,,,,80751778
0064362204,710,000000000080725123,,10,,80725123
0064362204,1330,000000000080730506,1320,,,80730506
0064362204,1340,000000000080747551,1320,25,,80730506
0064362204,1350,000000000080730505,,,,80730505
0064362204,1360,000000000080730505,1350,,,80730505
0064362204,180,000000000080721995,,5,,80721995
0064362204,190,000000000080721963,,4,,80721963
0064362204,200,000000000080684553,,,,80684553
0064362204,760,000000000080751778,750,3,,80751778
0064362204,770,000000000080768407,750,,,80751778
0064362204,780,000000000080741551,,5,,80741551
0064362204,790,000000000080725121,,20,,80725121
0064362204,800,000000000082325536,,,,82325536
0064362204,1370,000000000080747553,1350,40,,80730505
0064362204,1380,000000000080742446,,,,80742446
0064362204,1390,000000000080742382,,15,,80742382
0064362204,1400,000000000080742449,,8,,80742449
0064362204,1410,000000000080742439,,20,,80742439
0064362204,210,000000000080684553,200,15,,80684553
0064362204,220,000000000080747289,200,,,80684553
0064362204,230,000000000080684552,,,,80684552
0064362204,240,000000000080684552,230,10,,80684552
0064362204,250,000000000080747288,230,,,80684552
0064362204,810,000000000082325536,800,,,82325536
0064362204,820,000000000080751769,800,6,,82325536
0064362204,830,000000000082325608,,20,,82325608
0064362204,840,000000000082325606,,10,,82325606
0064362204,850,000000000080721764,,4,,80721764
0064362204,1420,000000000080742437,,20,,80742437
0064362204,1430,000000000080686746,,,,80686746
0064362204,260,000000000080684726,,,,80684726
0064362204,270,000000000082170064,,8,,82170064
0064362204,280,000000000082170045,,10,,82170045
0064362204,290,000000000082317850,,,,82317850
0064362204,300,000000000082317850,290,,,82317850
0064362204,860,000000000080715464,,,,80715464
0064362204,870,000000000080715464,860,5,,80715464
0064362204,880,000000000080754071,860,,,80715464
0064362204,890,000000000082328299,,,,82328299
0064362204,900,000000000082328299,890,,,82328299
0064362204,1440,000000000080686746,1430,,,80686746
0064362204,1450,000000000080730493,1430,15,,80686746
0064362204,1460,000000000080730518,,10,,80730518
0064362204,1470,000000000080730492,,,,80730492
0064362204,320,000000000082313835,,,,82313835
0064362204,330,000000000082313835,320,,,82313835
0064362204,310,000000000080746087,290,3,,82317850
0064362204,340,000000000080746088,320,2,,82313835
0064362204,350,000000000080707795,,,,80707795
0064362204,910,000000000080769091,890,10,,82328299
0064362204,920,000000000080749731,,,,80749731
0064362204,930,000000000080749731,920,,,80749731
0064362204,940,000000000080769092,920,,,80749731
0064362204,950,000000000080749733,,,,80749733
0064362204,360,000000000080707795,350,,,80707795
0064362204,370,000000000080740794,350,25,,80707795
0064362204,380,000000000080684708,,5,,80684708
0064362204,390,000000000080684707,,25,,80684707
0064362204,960,000000000080749733,950,15,,80749733
0064362204,970,000000000080769093,950,,,80749733
0064362204,400,000000000082279472,,4,,82279472
0064362204,980,000000000082326901,,,,82326901
0064362204,990,000000000082326901,980,,,82326901
0064362204,1000,000000000080754094,980,10,,82326901
0064362204,1010,000000000080741457,,40,,80741457
0064362204,1020,000000000080741455,,150,,80741455
0064362204,1030,000000000080741461,,2,,80741461
0064362204,1040,000000000080741469,,,,80741469
0064362204,430,000000000080745227,,8,,80745227
0064362204,440,000000000080710405,,,,80710405
0064362204,450,000000000080710405,440,,,80710405
0064362204,410,000000000082279474,,2,,82279474
0064362204,420,000000000082279643,,3,,82279643
0064362204,1050,000000000080741454,,35,,80741454
0064362204,1060,000000000080741471,,25,,80741471
0064362204,1070,000000000080741470,,8,,80741470
0064362204,460,000000000080745228,440,4,,80710405
0064362204,470,000000000080710399,,,,80710399
0064362204,480,000000000080710399,470,,,80710399
0064362204,490,000000000080745221,470,20,,80710399
0064362204,500,000000000080695898,,4,,80695898
0064362204,1080,000000000080741472,,10,,80741472
0064362204,1090,000000000080707759,,,,80707759
0064362204,510,000000000082309823,,5,,82309823
0064362204,520,000000000080695894,,5,,80695894
0064362204,530,000000000080695896,,4,,80695896
0064362204,540,000000000082309822,,10,,82309822
0064362204,550,000000000080695891,,5,,80695891
0064362204,1100,000000000080707759,1090,,,80707759
0064362204,1110,000000000080741480,1090,,,80707759
0064362204,1120,000000000080741463,,15,,80741463
0064362204,10,000000000080717316,,5,,80717316
0064362204,20,000000000080693850,,,,80693850
0064362204,30,000000000080693850,20,,,80693850
0064362204,40,000000000080721998,20,35,,80693850
0064362204,50,000000000080693825,,,,80693825
0064362204,560,000000000080695884,,8,,80695884
0064362204,570,000000000082256025,,12,,82256025
0064362204,580,000000000082256023,,25,,82256023
0064362204,590,000000000082294994,,15,,82294994
0064362204,600,000000000080707736,,,,80707736
0064362204,1130,000000000080741476,,15,,80741476
0064362204,1140,000000000080741473,,20,,80741473
0064362204,1150,000000000082326900,,,,82326900
0064362204,1160,000000000082326900,1150,,,82326900
0064362204,1170,000000000080754081,1150,25,,82326900
0064362205,900001,000000000080730502,,17,50,80730502
0064362205,900002,000000000080730502,,13,50,80730502
0064362205,10,000000000080730501,,,,80730501
0064362205,20,000000000080730501,10,,,80730501
0064362205,30,000000000080760839,10,60,,80730501
0064362205,40,000000000080730502,,,,80730502
0064362205,50,000000000080730502,40,,,80730502
0064362205,60,000000000080760838,40,,,80730502
0064362205,70,000000000080730536,,30,,80730536
0064362205,80,000000000080742444,,20,,80742444
0064362205,90,000000000080721172,,5,,80721172
0064362205,100,000000000080718773,,5,,80718773
0064362205,110,000000000080714020,,5,,80714020
0064362205,120,000000000080742588,,15,,80742588
0064362217,900036,000000000080741463,,52,1170,80741463
0064362217,900037,000000000080741473,,68,1190,80741473
0064362217,900038,000000000080741473,,57,1190,80741473
0064362217,900001,000000000080721998,,2,50,80693850
0064362217,900002,000000000080721998,,88,50,80693850
0064362217,900007,000000000080722022,,18,120,80693827
0064362217,900003,000000000080721999,,25,80,80693825
0064362217,900004,000000000080721999,,55,80,80693825
0064362217,900005,000000000080722023,,19,90,80722023
0064362217,900006,000000000080722023,,51,90,80722023
0064362217,900008,000000000080722022,,2,120,80693827
0064362217,900009,000000000080722012,,2,130,80722012
0064362217,900010,000000000080722012,,3,130,80722012
0064362217,900011,000000000080721996,,59,170,80693844
0064362217,900012,000000000080721996,,61,170,80693844
0064362217,900014,000000000082170064,,2,210,82170064
0064362217,900013,000000000082170064,,3,210,82170064
0064362217,900015,000000000082279643,,1,460,82279643
0064362217,900016,000000000082279643,,1,460,82279643
0064362217,900017,000000000082309823,,16,520,82309823
0064362217,900018,000000000082309823,,4,520,82309823
0064362217,900019,000000000082309822,,10,550,82309822
0064362217,900020,000000000082309822,,20,550,82309822
0064362217,900021,000000000082256025,,38,590,82256025
0064362217,900022,000000000082256025,,32,590,82256025
0064362217,900023,000000000082256023,,101,600,82256023
0064362217,900024,000000000082256023,,59,600,82256023
0064362217,900025,000000000080741454,,48,1100,80741454
0064362217,900026,000000000080741454,,2,1100,80741454
0064362217,900027,000000000080741471,,6,1110,80741471
0064362217,900028,000000000080741471,,114,1110,80741471
0064362217,900029,000000000080741472,,30,1120,80741472
0064362217,900030,000000000080741472,,60,1120,80741472
0064362217,900031,000000000080741480,,15,1150,80707759
0064362217,900032,000000000080741480,,60,1150,80707759
0064362217,900033,000000000080741456,,50,1160,80741456
0064362217,900034,000000000080741456,,150,1160,80741456
0064362217,900035,000000000080741463,,8,1170,80741463
0064362217,430,000000000080684706,,2,,80684706
0064362217,440,000000000082279472,,2,,82279472
0064362217,450,000000000082279474,,3,,82279474
0064362217,460,000000000082279643,,,,82279643
0064362217,1000,000000000080769094,980,5,,82328300
0064362217,1010,000000000080749733,,,,80749733
0064362217,1020,000000000080749733,1010,10,,80749733
0064362217,1030,000000000080769093,1010,,,80749733
0064362217,1040,000000000082326901,,,,82326901
0064362217,10,000000000080727738,,,,80727738
0064362217,20,000000000080717315,,10,,80717315
0064362217,470,000000000082182020,,1,,82182020
0064362217,480,000000000082313296,,1,,82313296
0064362217,490,000000000080695898,,2,,80695898
0064362217,500,000000000080695902,,20,,80695902
0064362217,510,000000000080695903,,1,,80695903
0064362217,1050,000000000082326901,1040,,,82326901
0064362217,1060,000000000080754094,1040,10,,82326901
0064362217,1070,000000000080741457,,150,,80741457
0064362217,1080,000000000080741455,,50,,80741455
0064362217,1090,000000000080741469,,30,,80741469
0064362217,30,000000000080693850,,,,80693850
0064362217,40,000000000080693850,30,,,80693850
0064362217,50,000000000080721998,30,,,80693850
0064362217,60,000000000080693825,,,,80693825
0064362217,70,000000000080693825,60,,,80693825
0064362217,80,000000000080721999,60,,,80693825
0064362217,90,000000000080722023,,,,80722023
0064362217,100,000000000080693827,,,,80693827
0064362217,110,000000000080693827,100,,,80693827
0064362217,520,000000000082309823,,,,82309823
0064362217,530,000000000080695894,,3,,80695894
0064362217,540,000000000080695896,,30,,80695896
0064362217,550,000000000082309822,,,,82309822
0064362217,560,000000000080695891,,2,,80695891
0064362217,570,000000000080695887,,4,,80695887
0064362217,580,000000000080695884,,5,,80695884
0064362217,590,000000000082256025,,,,82256025
0064362217,1100,000000000080741454,,,,80741454
0064362217,1110,000000000080741471,,,,80741471
0064362217,1120,000000000080741472,,,,80741472
0064362217,1130,000000000080707759,,,,80707759
0064362217,1140,000000000080707759,1130,,,80707759
0064362217,600,000000000082256023,,,,82256023
0064362217,1150,000000000080741480,1130,,,80707759
0064362217,1160,000000000080741456,,,,80741456
0064362217,1170,000000000080741463,,,,80741463
0064362217,1180,000000000080741476,,60,,80741476
0064362217,120,000000000080722022,100,,,80693827
0064362217,130,000000000080722012,,,,80722012
0064362217,140,000000000080721997,,1,,80721997
0064362217,150,000000000080693844,,,,80693844
0064362217,160,000000000080693844,150,,,80693844
0064362217,610,000000000080718177,,2,,80718177
0064362217,620,000000000080716674,,2,,80716674
0064362217,630,000000000080707736,,,,80707736
0064362217,640,000000000080707736,630,,,80707736
0064362217,170,000000000080721996,150,,,80693844
0064362217,180,000000000080721995,,2,,80721995
0064362217,660,000000000080707737,,,,80707737
0064362217,670,000000000080707737,660,,,80707737
0064362217,680,000000000080753466,660,2,,80707737
0064362217,690,000000000080707740,,,,80707740
0064362217,650,000000000080753464,630,3,,80707736
0064362217,1190,000000000080741473,,,,80741473
0064362217,1200,000000000082326900,,,,82326900
0064362217,1210,000000000082326900,1200,,,82326900
0064362217,1220,000000000080754081,1200,10,,82326900
0064362217,700,000000000080707740,690,,,80707740
0064362217,710,000000000080753462,690,1,,80707740
0064362217,720,000000000082236663,,1,,82236663
0064362217,730,000000000082255878,,20,,82255878
0064362217,740,000000000082256027,,80,,82256027
0064362217,1230,000000000082326913,,2,,82326913
0064362217,1240,000000000080708707,,2,,80708707
0064362217,1250,000000000080691380,,4,,80691380
0064362217,1260,000000000080691388,,2,,80691388
0064362217,1270,000000000080742650,,10,,80742650
0064362217,1280,000000000080742438,,5,,80742438
0064362217,1290,000000000080742585,,20,,80742585
0064362217,190,000000000080684726,,2,,80684726
0064362217,200,000000000082170061,,1,,82170061
0064362217,750,000000000080745943,,2,,80745943
0064362217,760,000000000080741549,,,,80741549
0064362217,770,000000000080721762,,12,,80721762
0064362217,780,000000000080725123,,10,,80725123
0064362217,790,000000000080751313,,,,80751313
0064362217,1300,000000000080730543,,,,80730543
0064362217,1310,000000000080730543,1300,,,80730543
0064362217,1320,000000000080747550,1300,20,,80730543
0064362217,210,000000000082170064,,,,82170064
0064362217,220,000000000082170042,,5,,82170042
0064362217,230,000000000082170045,,5,,82170045
0064362217,240,000000000082317850,,,,82317850
0064362217,250,000000000082317850,240,,,82317850
0064362217,800,000000000080751778,,,,80751778
0064362217,810,000000000080751778,800,2,,80751778
0064362217,820,000000000080768407,800,,,80751778
0064362217,830,000000000082325607,,,,82325607
0064362217,840,000000000082325607,830,5,,82325607
0064362217,270,000000000080707789,,1,,80707789
0064362217,280,000000000082313835,,,,82313835
0064362217,290,000000000082313835,280,,,82313835
0064362217,300,000000000080746088,280,2,,82313835
0064362217,260,000000000080746087,240,2,,82317850
0064362217,850,000000000080771987,830,,,82325607
0064362217,860,000000000082325605,,,,82325605
0064362217,870,000000000082325605,860,10,,82325605
0064362217,880,000000000080771986,860,,,82325605
0064362217,890,000000000080725121,,20,,80725121
0064362217,310,000000000080728859,,1,,80728859
0064362217,320,000000000080707795,,,,80707795
0064362217,330,000000000080707795,320,,,80707795
0064362217,340,000000000080740794,320,15,,80707795
0064362217,350,000000000080707792,,,,80707792
0064362217,900,000000000082325608,,10,,82325608
0064362217,930,000000000080715464,920,2,,80715464
0064362217,940,000000000080754071,920,,,80715464
0064362217,910,000000000082325606,,10,,82325606
0064362217,920,000000000080715464,,,,80715464
0064362217,360,000000000080707792,350,4,,80707792
0064362217,370,000000000080740791,350,,,80707792
0064362217,380,000000000080707793,,,,80707793
0064362217,390,000000000080707793,380,1,,80707793
0064362217,400,000000000080740792,380,,,80707793
0064362217,950,000000000080715463,,,,80715463
0064362217,980,000000000082328300,,,,82328300
0064362217,990,000000000082328300,980,,,82328300
0064362217,960,000000000080715463,950,,,80715463
0064362217,970,000000000080754070,950,3,,80715463
0064362217,410,000000000080684708,,2,,80684708
0064362217,420,000000000080684707,,15,,80684707
0064362218,210,000000000080730536,,20,,80730536
0064362218,220,000000000080718773,,8,,80718773
0064362218,230,000000000080714020,,3,,80714020
0064362218,10,000000000080730506,,,,80730506
0064362218,20,000000000080730506,10,,,80730506
0064362218,30,000000000080747551,10,20,,80730506
0064362218,40,000000000080730505,,,,80730505
0064362218,50,000000000080730505,40,,,80730505
0064362218,60,000000000080747553,40,25,,80730505
0064362218,70,000000000080742446,,300,,80742446
0064362218,80,000000000080742382,,3,,80742382
0064362218,90,000000000080742439,,5,,80742439
0064362218,100,000000000080686746,,,,80686746
0064362218,110,000000000080686746,100,,,80686746
0064362218,120,000000000080730493,100,50,,80686746
0064362218,130,000000000080730518,,20,,80730518
0064362218,140,000000000080730492,,20,,80730492
0064362218,150,000000000080730501,,,,80730501
0064362218,160,000000000080730501,150,,,80730501
0064362218,170,000000000080760839,150,35,,80730501
0064362218,180,000000000080730502,,,,80730502
0064362218,190,000000000080730502,180,15,,80730502
0064362218,200,000000000080760838,180,,,80730502
