VBELN,POSNR,MATNR,KDMAT
0115479190,10,000000000080696695,80696695
0115479190,20,000000000080696694,80696694
0115479190,30,000000000080738254,80738254
0115479190,40,000000000080716515,80716515
0115479190,41,000000000080716515,80716515
0115479190,50,000000000080692374,80692374
0115479190,51,000000000080692374,80692374
0115479190,60,000000000080693850,80693850
0115479190,61,000000000080693850,80693850
0115479190,70,000000000080710405,80710405
0115479190,71,000000000080710405,80710405
0115479190,80,000000000082279474,82279474
0115479190,90,000000000082182396,82182396
0115479190,100,000000000080745227,80745227
0115479190,110,000000000080707898,80707898
0115479190,120,000000000080707793,80707793
0115479190,121,000000000080707793,80707793
0115479190,130,000000000080710409,80710409
0115479190,140,000000000082279482,82279482
0115479190,150,000000000080768049,80768049
0115479190,160,000000000080685188,80685188
0115479190,170,000000000080695891,80695891
0115479190,180,000000000082286878,82286878
0115479190,190,000000000080720484,80720484
0115479190,200,000000000080713448,80713448
0115479190,201,000000000080713448,80713448
0115479190,210,000000000080695894,80695894
0115479190,220,000000000080701609,80701609
0115479190,221,000000000080701609,80701609
0115479190,230,000000000080716675,80716675
0115479190,240,000000000080685835,80685835
0115479190,250,000000000080713449,80713449
0115479190,251,000000000080713449,80713449
0115479190,260,000000000080741549,80741549
0115479190,270,000000000080721763,80721763
0115479190,280,000000000082325536,82325536
0115479190,281,000000000082325536,82325536
0115479190,290,000000000080728726,80728726
0115479190,300,000000000080721757,80721757
0115479190,310,000000000080747821,80747821
0115479190,320,000000000080736983,80736983
0115479190,321,000000000080736983,80736983
0115479190,330,000000000082326918,82326918
0115479190,331,000000000082326918,82326918
0115479190,340,000000000080707759,80707759
0115479190,341,000000000080707759,80707759
0115479190,350,000000000080741457,80741457
0115479190,360,000000000080741475,80741475
0115479190,370,000000000080736987,80736987
0115479190,371,000000000080736987,80736987
0115479190,380,000000000080741454,80741454
0115479190,390,000000000080741848,80741848
0115479190,400,000000000080741473,80741473
0115479190,410,000000000080741476,80741476
0115479190,420,000000000082326938,82326938
0115479190,421,000000000082326938,82326938
0115479190,430,000000000080741455,80741455
0115479190,440,000000000080738840,80738840
0115479190,450,000000000082326901,82326901
0115479190,451,000000000082326901,82326901
0115479190,460,000000000080747822,80747822
0115479190,470,000000000082326900,82326900
0115479190,471,000000000082326900,82326900
0115479190,480,000000000080741472,80741472
0115479190,490,000000000080708721,80708721
0115479190,500,000000000080738395,80738395
0115479190,510,000000000080739137,80739137
0115479190,511,000000000080739137,80739137
0115479190,520,000000000080735432,80735432
0115479190,530,000000000080741820,80741820
0115479190,540,000000000080730514,80730514
0115479190,550,000000000080686750,80686750
0115479190,560,000000000080686700,80686700
0115479190,561,000000000080686700,80686700
0115479190,570,000000000080731885,80731885
0115479190,580,000000000080730540,80730540
0115479190,581,000000000080730540,80730540
0115479190,590,000000000080686746,80686746
0115479190,591,000000000080686746,80686746
0115479190,600,000000000080686694,80686694
0115479190,601,000000000080686694,80686694
0115479190,610,000000000080745251,80745251
0115479190,620,000000000080686749,80686749
0115479190,621,000000000080686749,80686749
0115479190,630,000000000080686741,80686741
0115479190,631,000000000080686741,80686741
0115479190,640,000000000080714020,80714020
0115479190,650,000000000080741819,80741819
0115479190,660,000000000080741342,80741342
0115479190,670,000000000080730505,80730505
0115479190,671,000000000080730505,80730505
0115479190,680,000000000080701666,80701666
0115479190,690,000000000080721515,80721515
0115479190,691,000000000080721515,80721515
0115479190,700,000000000080742701,80742701
0115479190,710,000000000080733174,80733174
0115479190,720,000000000080738853,80738853
0115479190,730,000000000080736573,80736573
0115479190,740,000000000080716696,80716696
0115479190,750,000000000080695758,80695758
0115479190,760,000000000080747111,80747111
0115479190,770,000000000080763614,80763614
0115479190,780,000000000082176009,82176009
0115479190,781,000000000082176009,82176009
0115479190,790,000000000080708941,80708941
0115479190,800,000000000082308376,82308376
0115479190,801,000000000082308376,82308376
0115479190,810,000000000082322189,82322189
0115479190,820,000000000080702267,80702267
0115479190,830,000000000080701635,80701635
0115479190,840,000000000080739203,80739203
0115479190,850,000000000080702094,80702094
0115479190,860,000000000080689521,80689521
0115479190,861,000000000080689521,80689521
0115479190,870,000000000080748333,80748333
0115479190,880,000000000082311619,82311619
0115479190,890,000000000080704504,80704504
0115479190,900,000000000080701637,80701637
0115479190,910,000000000080751054,80751054
0115479190,920,000000000080740037,80740037
0115479192,10,000000000080725629,80725629
0115479192,20,000000000080681564,80681564
0115479192,30,000000000080746223,80746223
0115479192,40,000000000080696694,80696694
0115479192,50,000000000080684447,80684447
0115479192,60,000000000080696695,80696695
0115479192,70,000000000080701422,80701422
0115479192,80,000000000080683598,80683598
0115479192,90,000000000080691891,80691891
0115479192,100,000000000082321845,82321845
0115479192,110,000000000082309670,82309670
0115479192,120,000000000082321370,82321370
0115479192,130,000000000080710690,80710690
0115479192,140,000000000080695960,80695960
0115479192,150,000000000080692376,80692376
0115479192,151,000000000080692376,80692376
0115479192,160,000000000080682297,80682297
0115479192,170,000000000080682302,80682302
0115479192,180,000000000082330704,82330704
0115479192,190,000000000080682305,80682305
0115479192,200,000000000080692374,80692374
0115479192,201,000000000080692374,80692374
0115479192,210,000000000080692373,80692373
0115479192,211,000000000080692373,80692373
0115479192,220,000000000080716515,80716515
0115479192,221,000000000080716515,80716515
0115479192,230,000000000082299782,82299782
0115479192,240,000000000082288128,82288128
0115479192,250,000000000082288129,82288129
0115479192,260,000000000080722010,80722010
0115479192,270,000000000082288354,82288354
0115479192,280,000000000080698212,80698212
0115479192,290,000000000080707792,80707792
0115479192,291,000000000080707792,80707792
0115479192,300,000000000082170042,82170042
0115479192,310,000000000082170061,82170061
0115479192,320,000000000080707793,80707793
0115479192,321,000000000080707793,80707793
0115479192,330,000000000082325822,82325822
0115479192,340,000000000082289668,82289668
0115479192,341,000000000082289668,82289668
0115479192,350,000000000080710409,80710409
0115479192,360,000000000080707789,80707789
0115479192,370,000000000082279482,82279482
0115479192,380,000000000080684725,80684725
0115479192,390,000000000082309415,82309415
0115479192,400,000000000082313295,82313295
0115479192,410,000000000080707798,80707798
0115479192,411,000000000080707798,80707798
0115479192,420,000000000080745227,80745227
0115479192,430,000000000082182396,82182396
0115479192,440,000000000080707898,80707898
0115479192,450,000000000080701075,80701075
0115479192,460,000000000082292589,82292589
0115479192,470,000000000080680756,80680756
0115479192,471,000000000080680756,80680756
0115479192,480,000000000082286892,82286892
0115479192,490,000000000080742347,80742347
0115479192,500,000000000080698892,80698892
0115479192,510,000000000080742348,80742348
0115479192,520,000000000080742346,80742346
0115479192,530,000000000082311111,82311111
0115479192,540,000000000080753465,80753465
0115479192,550,000000000080742603,80742603
0115479192,560,000000000080707105,80707105
0115479192,570,000000000082301691,82301691
0115479192,580,000000000080745943,80745943
0115479192,590,000000000080745948,80745948
0115479192,600,000000000080728726,80728726
0115479192,610,000000000080721761,80721761
0115479192,620,000000000080745953,80745953
0115479192,630,000000000080742024,80742024
0115479192,640,000000000080725121,80725121
0115479192,650,000000000080745946,80745946
0115479192,660,000000000080747822,80747822
0115479192,670,000000000082303566,82303566
0115479192,680,000000000082326890,82326890
0115479192,690,000000000080738840,80738840
0115479192,700,000000000080741461,80741461
0115479192,710,000000000082326891,82326891
0115479192,720,000000000080741476,80741476
0115479192,730,000000000080741455,80741455
0115479192,740,000000000080741454,80741454
0115479192,750,000000000080718081,80718081
0115479192,760,000000000080704604,80704604
0115479192,770,000000000080739141,80739141
0115479192,780,000000000080694651,80694651
0115479192,790,000000000080691379,80691379
0115479192,800,000000000080739137,80739137
0115479192,801,000000000080739137,80739137
0115479192,810,000000000080708723,80708723
0115479192,820,000000000080752131,80752131
0115479192,821,000000000080752131,80752131
0115479192,830,000000000080714027,80714027
0115479192,840,000000000080730501,80730501
0115479192,841,000000000080730501,80730501
0115479192,850,000000000080741820,80741820
0115479192,860,000000000082318938,82318938
0115479192,870,000000000082299712,82299712
0115479192,880,000000000080684772,80684772
0115479192,890,000000000080745856,80745856
0115479192,900,000000000080685115,80685115
0115479192,901,000000000080685115,80685115
0115479192,910,000000000080721515,80721515
0115479192,911,000000000080721515,80721515
0115479192,920,000000000080731884,80731884
0115479192,930,000000000080686750,80686750
0115479192,940,000000000080685009,80685009
0115479192,950,000000000080730513,80730513
0115479192,960,000000000080714031,80714031
0115479192,970,000000000080721899,80721899
0115479192,971,000000000080721899,80721899
0115479192,980,000000000080713445,80713445
0115479192,990,000000000080742583,80742583
0115479192,1000,000000000080714629,80714629
0115479192,1010,000000000080742582,80742582
0115479192,1020,000000000080714022,80714022
0115479192,1030,000000000080730514,80730514
0115479192,1040,000000000080686736,80686736
0115479192,1050,000000000080701666,80701666
0115479192,1060,000000000082325796,82325796
0115479192,1070,000000000082299714,82299714
0115479192,1080,000000000082299716,82299716
0115479192,1090,000000000080714033,80714033
0115479192,1100,000000000080686708,80686708
0115479192,1110,000000000080721175,80721175
0115479192,1120,000000000082276555,82276555
0115479192,1130,000000000080714020,80714020
0115479192,1140,000000000080733234,80733234
0115479192,1150,000000000080714017,80714017
0115479192,1160,000000000080731885,80731885
0115479192,1170,000000000080752128,80752128
0115479192,1171,000000000080752128,80752128
0115479192,1180,000000000080760452,80760452
0115479192,1190,000000000080737823,80737823
0115479192,1200,000000000080747116,80747116
0115479192,1210,000000000080695768,80695768
0115479192,1220,000000000080695782,80695782
0115479192,1230,000000000080747870,80747870
0115479192,1240,000000000082176012,82176012
0115479192,1250,000000000080760451,80760451
0115479192,1260,000000000080716271,80716271
0115479192,1270,000000000080695741,80695741
0115479192,1280,000000000082176009,82176009
0115479192,1281,000000000082176009,82176009
0115479192,1290,000000000080717857,80717857
0115479192,1300,000000000080712393,80712393
0115479192,1310,000000000080695756,80695756
0115479192,1320,000000000080695766,80695766
0115479192,1330,000000000080695751,80695751
0115479192,1340,000000000080695761,80695761
0115479192,1350,000000000082293561,82293561
0115479192,1360,000000000080736041,80736041
0115479192,1370,000000000082293549,82293549
0115479192,1380,000000000082267797,82267797
0115479192,1381,000000000082267797,82267797
0115479192,1390,000000000082267808,82267808
0115479192,1391,000000000082267808,82267808
0115479192,1400,000000000080746750,80746750
0115479192,1410,000000000080710500,80710500
0115479192,1420,000000000080710508,80710508
0115479198,10,000000000080741342,80741342
0115479198,20,000000000080741475,80741475
0115479198,30,000000000080765617,80765617
0115479199,10,000000000080764740,80764740
0115479199,20,000000000080742102,80742102
0115479199,30,000000000080730501,80730501
0115479199,31,000000000080730501,80730501
0115479199,40,000000000080736558,80736558
0115479654,10,000000000080741411,80741411
0115479654,20,000000000080747292,80747292
0115479654,30,000000000080739203,80739203
0115479654,40,000000000082253090,82253090
0115479654,41,000000000082253090,82253090
0115479701,10,000000000082259569,82259569
0115479701,20,000000000080738256,80738256
0115479701,30,000000000082321828,82321828
0115479701,40,000000000080691629,80691629
0115479701,50,000000000080717304,80717304
0115479701,60,000000000080717303,80717303
0115479701,70,000000000080717296,80717296
0115479701,80,000000000080717314,80717314
0115479701,90,000000000080717313,80717313
0115479701,100,000000000080717299,80717299
0115479701,110,000000000080717309,80717309
0115479701,120,000000000080717311,80717311
0115479701,130,000000000080721990,80721990
0115479701,140,000000000080693825,80693825
0115479701,141,000000000080693825,80693825
0115479701,150,000000000080693844,80693844
0115479701,151,000000000080693844,80693844
0115479701,160,000000000080721997,80721997
0115479701,170,000000000080721969,80721969
0115479701,180,000000000080721995,80721995
0115479701,190,000000000080721963,80721963
0115479701,200,000000000080721962,80721962
0115479701,210,000000000080745222,80745222
0115479701,220,000000000080710399,80710399
0115479701,221,000000000080710399,80710399
0115479701,230,000000000080707795,80707795
0115479701,231,000000000080707795,80707795
0115479701,240,000000000080707793,80707793
0115479701,241,000000000080707793,80707793
0115479701,250,000000000080707792,80707792
0115479701,251,000000000080707792,80707792
0115479701,260,000000000080707898,80707898
0115479701,270,000000000080684709,80684709
0115479701,280,000000000080684707,80684707
0115479701,290,000000000082279643,82279643
0115479701,300,000000000082279491,82279491
0115479701,310,000000000080684553,80684553
0115479701,311,000000000080684553,80684553
0115479701,320,000000000082313296,82313296
0115479701,330,000000000082313294,82313294
0115479701,340,000000000080728859,80728859
0115479701,350,000000000080695905,80695905
0115479701,360,000000000080695891,80695891
0115479701,370,000000000080720485,80720485
0115479701,380,000000000080716677,80716677
0115479701,390,000000000080716675,80716675
0115479701,400,000000000080716680,80716680
0115479701,410,000000000080707738,80707738
0115479701,411,000000000080707738,80707738
0115479701,420,000000000080707896,80707896
0115479701,421,000000000080707896,80707896
0115479701,430,000000000080742349,80742349
0115479701,440,000000000080742348,80742348
0115479701,450,000000000080713449,80713449
0115479701,451,000000000080713449,80713449
0115479701,460,000000000080713448,80713448
0115479701,461,000000000080713448,80713448
0115479701,470,000000000082256027,82256027
0115479701,480,000000000080742024,80742024
0115479701,490,000000000080742026,80742026
0115479701,500,000000000080728729,80728729
0115479701,510,000000000080741548,80741548
0115479701,520,000000000080721758,80721758
0115479701,530,000000000080721762,80721762
0115479701,540,000000000080721763,80721763
0115479701,550,000000000080725123,80725123
0115479701,560,000000000080751313,80751313
0115479701,570,000000000080725121,80725121
0115479701,580,000000000080725122,80725122
0115479701,590,000000000082325565,82325565
0115479701,591,000000000082325565,82325565
0115479701,600,000000000082325519,82325519
0115479701,601,000000000082325519,82325519
0115479701,610,000000000082325543,82325543
0115479701,611,000000000082325543,82325543
0115479701,620,000000000082325522,82325522
0115479701,621,000000000082325522,82325522
0115479701,630,000000000082325521,82325521
0115479701,631,000000000082325521,82325521
0115479701,640,000000000082326905,82326905
0115479701,650,000000000080715463,80715463
0115479701,651,000000000080715463,80715463
0115479701,660,000000000082326902,82326902
0115479701,661,000000000082326902,82326902
0115479701,670,000000000082326892,82326892
0115479701,680,000000000082326918,82326918
0115479701,681,000000000082326918,82326918
0115479701,690,000000000080741461,80741461
0115479701,700,000000000080741455,80741455
0115479701,710,000000000080741457,80741457
0115479701,720,000000000080741454,80741454
0115479701,730,000000000080741471,80741471
0115479701,740,000000000080707759,80707759
0115479701,741,000000000080707759,80707759
0115479701,750,000000000080741460,80741460
0115479701,760,000000000080741472,80741472
0115479701,770,000000000080741462,80741462
0115479701,780,000000000080741459,80741459
0115479701,790,000000000080741473,80741473
0115479701,800,000000000080741478,80741478
0115479701,810,000000000080741458,80741458
0115479701,820,000000000082326899,82326899
0115479701,821,000000000082326899,82326899
0115479701,830,000000000082326898,82326898
0115479701,831,000000000082326898,82326898
0115479701,840,000000000080736982,80736982
0115479701,841,000000000080736982,80736982
0115479701,850,000000000080691398,80691398
0115479701,860,000000000080691386,80691386
0115479701,870,000000000080708721,80708721
0115479701,880,000000000080691385,80691385
0115479701,890,000000000082322606,82322606
0115479701,891,000000000082322606,82322606
0115479701,900,000000000080742447,80742447
0115479701,910,000000000080721515,80721515
0115479701,911,000000000080721515,80721515
0115479701,920,000000000080741819,80741819
0115479701,930,000000000080741821,80741821
0115479701,940,000000000080686749,80686749
0115479701,941,000000000080686749,80686749
0115479701,950,000000000080686713,80686713
0115479701,951,000000000080686713,80686713
0115479701,960,000000000080730502,80730502
0115479701,961,000000000080730502,80730502
0115479701,970,000000000080730536,80730536
0115479701,980,000000000080730501,80730501
0115479701,981,000000000080730501,80730501
0115479701,990,000000000080730492,80730492
0115479701,1000,000000000080686750,80686750
0115479701,1010,000000000080686747,80686747
0115479701,1011,000000000080686747,80686747
0115479701,1020,000000000080686711,80686711
0115479701,1021,000000000080686711,80686711
0115479701,1030,000000000080714016,80714016
0115479701,1040,000000000080730505,80730505
0115479701,1041,000000000080730505,80730505
0115479701,1050,000000000080730516,80730516
0115479701,1060,000000000080730518,80730518
0115479701,1070,000000000080686746,80686746
0115479701,1071,000000000080686746,80686746
0115479701,1080,000000000080714630,80714630
0115479701,1081,000000000080714630,80714630
0115479701,1090,000000000080721173,80721173
0115479701,1100,000000000080742436,80742436
0115479701,1110,000000000080745251,80745251
0115479701,1120,000000000080745252,80745252
0115479701,1130,000000000080745250,80745250
0115479701,1140,000000000080742441,80742441
0115479701,1150,000000000080729282,80729282
0115479701,1160,000000000080729281,80729281
0115479701,1170,000000000080695750,80695750
0115479701,1180,000000000080695764,80695764
0115479701,1190,000000000080747115,80747115
0115479701,1200,000000000082176009,82176009
0115479701,1201,000000000082176009,82176009
0115479701,1210,000000000080747113,80747113
0115479701,1220,000000000080760454,80760454
0115479701,1230,000000000080747105,80747105
0115479701,1240,000000000080718535,80718535
0115479701,1250,000000000080742474,80742474
0115479701,1260,000000000082309819,82309819
0115479701,1270,000000000082328321,82328321
0115479701,1280,000000000080742079,80742079
0115479701,1290,000000000080736570,80736570
0115479701,1300,000000000080748011,80748011
0115479701,1310,000000000080684552,80684552
0115479701,1311,000000000080684552,80684552
0115479703,10,000000000082252970,82252970
0115479703,11,000000000082252970,82252970
0115479703,20,000000000082267797,82267797
0115479703,21,000000000082267797,82267797
0115479703,30,000000000082252955,82252955
0115479703,40,000000000080748333,80748333
0115479703,50,000000000082252925,82252925
0115479703,51,000000000082252925,82252925
0115479736,10,000000000080690178,80690178
0115479736,11,000000000080690178,80690178
0115479736,20,000000000080696694,80696694
0115479736,30,000000000080738255,80738255
0115479736,40,000000000082321845,82321845
0115479736,50,000000000080717843,80717843
0115479736,60,000000000080757863,80757863
0115479736,70,000000000082321390,82321390
0115479736,80,000000000080717296,80717296
0115479736,90,000000000080717314,80717314
0115479736,100,000000000080717313,80717313
0115479736,110,000000000080721990,80721990
0115479736,120,000000000080736221,80736221
0115479736,130,000000000080735218,80735218
0115479736,140,000000000080703936,80703936
0115479736,150,000000000080722017,80722017
0115479736,160,000000000080721963,80721963
0115479736,170,000000000082317850,82317850
0115479736,171,000000000082317850,82317850
0115479736,180,000000000082313835,82313835
0115479736,181,000000000082313835,82313835
0115479736,190,000000000080745222,80745222
0115479736,200,000000000080764740,80764740
0115479736,210,000000000080710399,80710399
0115479736,211,000000000080710399,80710399
0115479736,220,000000000080710402,80710402
0115479736,221,000000000080710402,80710402
0115479736,230,000000000080745227,80745227
0115479736,240,000000000080710404,80710404
0115479736,241,000000000080710404,80710404
0115479736,250,000000000080710403,80710403
0115479736,251,000000000080710403,80710403
0115479736,260,000000000080710409,80710409
0115479736,270,000000000080710410,80710410
0115479736,280,000000000080707795,80707795
0115479736,281,000000000080707795,80707795
0115479736,290,000000000080707793,80707793
0115479736,291,000000000080707793,80707793
0115479736,300,000000000080707800,80707800
0115479736,301,000000000080707800,80707800
0115479736,310,000000000080684724,80684724
0115479736,320,000000000080684726,80684726
0115479736,330,000000000080684709,80684709
0115479736,340,000000000080685187,80685187
0115479736,350,000000000080684707,80684707
0115479736,360,000000000080685128,80685128
0115479736,370,000000000080707802,80707802
0115479736,371,000000000080707802,80707802
0115479736,380,000000000080684553,80684553
0115479736,381,000000000080684553,80684553
0115479736,390,000000000080684552,80684552
0115479736,391,000000000080684552,80684552
0115479736,400,000000000082289667,82289667
0115479736,401,000000000082289667,82289667
0115479736,410,000000000082275300,82275300
0115479736,420,000000000080686769,80686769
0115479736,430,000000000082211174,82211174
0115479736,440,000000000080695899,80695899
0115479736,450,000000000080695908,80695908
0115479736,460,000000000080695894,80695894
0115479736,470,000000000082309816,82309816
0115479736,480,000000000080695887,80695887
0115479736,490,000000000080695884,80695884
0115479736,500,000000000080695885,80695885
0115479736,510,000000000080718178,80718178
0115479736,520,000000000080716677,80716677
0115479736,530,000000000080716675,80716675
0115479736,540,000000000080742603,80742603
0115479736,550,000000000082223275,82223275
0115479736,560,000000000080745943,80745943
0115479736,570,000000000080725123,80725123
0115479736,580,000000000080751313,80751313
0115479736,590,000000000080751765,80751765
0115479736,591,000000000080751765,80751765
0115479736,600,000000000080725121,80725121
0115479736,610,000000000080741846,80741846
0115479736,620,000000000082325534,82325534
0115479736,621,000000000082325534,82325534
0115479736,630,000000000082328321,82328321
0115479736,640,000000000082325536,82325536
0115479736,641,000000000082325536,82325536
0115479736,650,000000000082325521,82325521
0115479736,651,000000000082325521,82325521
0115479736,660,000000000080715464,80715464
0115479736,661,000000000080715464,80715464
0115479736,670,000000000080715463,80715463
0115479736,671,000000000080715463,80715463
0115479736,680,000000000082326902,82326902
0115479736,681,000000000082326902,82326902
0115479736,690,000000000082326892,82326892
0115479736,700,000000000080715461,80715461
0115479736,710,000000000080715459,80715459
0115479736,720,000000000080741455,80741455
0115479736,730,000000000080741457,80741457
0115479736,740,000000000080741475,80741475
0115479736,750,000000000080741471,80741471
0115479736,760,000000000080741456,80741456
0115479736,770,000000000082326900,82326900
0115479736,771,000000000082326900,82326900
0115479736,780,000000000082326899,82326899
0115479736,781,000000000082326899,82326899
0115479736,790,000000000080716280,80716280
0115479736,800,000000000080700197,80700197
0115479736,810,000000000080736986,80736986
0115479736,811,000000000080736986,80736986
0115479736,820,000000000080741848,80741848
0115479736,830,000000000080738611,80738611
0115479736,840,000000000082300179,82300179
0115479736,841,000000000082300179,82300179
0115479736,850,000000000080739137,80739137
0115479736,851,000000000080739137,80739137
0115479736,860,000000000080729428,80729428
0115479736,870,000000000080708707,80708707
0115479736,880,000000000080691376,80691376
0115479736,890,000000000080733224,80733224
0115479736,900,000000000080754340,80754340
0115479736,910,000000000080738852,80738852
0115479736,920,000000000080742446,80742446
0115479736,930,000000000080738849,80738849
0115479736,940,000000000080713445,80713445
0115479736,950,000000000080721515,80721515
0115479736,951,000000000080721515,80721515
0115479736,960,000000000080721172,80721172
0115479736,970,000000000080713443,80713443
0115479736,980,000000000080685118,80685118
0115479736,981,000000000080685118,80685118
0115479736,990,000000000080713444,80713444
0115479736,1000,000000000080741821,80741821
0115479736,1010,000000000080686749,80686749
0115479736,1011,000000000080686749,80686749
0115479736,1020,000000000080730502,80730502
0115479736,1021,000000000080730502,80730502
0115479736,1030,000000000082276554,82276554
0115479736,1040,000000000080714018,80714018
0115479736,1050,000000000080686745,80686745
0115479736,1051,000000000080686745,80686745
0115479736,1060,000000000080742437,80742437
0115479736,1070,000000000080738854,80738854
0115479736,1080,000000000080730516,80730516
0115479736,1090,000000000080730518,80730518
0115479736,1100,000000000080686746,80686746
0115479736,1101,000000000080686746,80686746
0115479736,1110,000000000080733174,80733174
0115479736,1120,000000000080735432,80735432
0115479736,1130,000000000080742444,80742444
0115479736,1140,000000000080713446,80713446
0115479736,1150,000000000080713447,80713447
0115479736,1160,000000000080713441,80713441
0115479736,1170,000000000080742436,80742436
0115479736,1180,000000000080718768,80718768
0115479736,1190,000000000080744372,80744372
0115479736,1200,000000000080744370,80744370
0115479736,1210,000000000080742440,80742440
0115479736,1220,000000000080729282,80729282
0115479736,1230,000000000080713440,80713440
0115479736,1240,000000000080695758,80695758
0115479736,1250,000000000080695764,80695764
0115479736,1260,000000000080737823,80737823
0115479736,1270,000000000080736552,80736552
0115479736,1280,000000000080736573,80736573
0115479736,1290,000000000080736554,80736554
0115479736,1300,000000000080736570,80736570
0115479736,1310,000000000080760457,80760457
0115479736,1320,000000000080747104,80747104
0115479736,1330,000000000082280368,82280368
0115479736,1340,000000000080718538,80718538
0115479736,1350,000000000080718535,80718535
0115481915,10,000000000080733219,80733219
0115481915,20,000000000080754340,80754340
0115481915,30,000000000080763233,80763233
0115481915,40,000000000080736561,80736561
0115481915,50,000000000080758451,80758451
0115481915,60,000000000080736574,80736574
0115481915,70,000000000080730540,80730540
0115481915,71,000000000080730540,80730540
0115481918,10,000000000080736574,80736574
0115481918,20,000000000080754340,80754340
0115481918,30,000000000080742575,80742575
0115481918,40,000000000080741454,80741454
0115481918,50,000000000080741475,80741475
0115481918,60,000000000080736573,80736573
0115481918,70,000000000080737822,80737822
0115481918,80,000000000082284999,82284999
0115481918,90,000000000080749345,80749345
0115481918,100,000000000080721515,80721515
0115481918,101,000000000080721515,80721515
0115481918,110,000000000080702067,80702067
0115481918,111,000000000080702067,80702067
0115481918,120,000000000080729281,80729281
0115481918,130,000000000080684707,80684707
0115481918,140,000000000080685187,80685187
0115481918,150,000000000080707795,80707795
0115481918,151,000000000080707795,80707795
0115481918,160,000000000080684718,80684718
0115481918,170,000000000080720846,80720846
0115481918,180,000000000080707740,80707740
0115481918,181,000000000080707740,80707740
0115481918,190,000000000080701608,80701608
0115481918,191,000000000080701608,80701608
0115481918,200,000000000080707793,80707793
0115481918,201,000000000080707793,80707793
0115481918,210,000000000080725122,80725122
0115481920,10,000000000082294196,82294196
0115481920,20,000000000080721979,80721979
0115481920,30,000000000080693850,80693850
0115481920,31,000000000080693850,80693850
0115481920,40,000000000080693844,80693844
0115481920,41,000000000080693844,80693844
0115481920,50,000000000080701310,80701310
0115481920,60,000000000080721997,80721997
0115481920,70,000000000080741455,80741455
0115481920,80,000000000080741469,80741469
0115481920,90,000000000080741454,80741454
0115481920,100,000000000080741471,80741471
0115481920,110,000000000080741470,80741470
0115481920,120,000000000080741463,80741463
0115481920,130,000000000080741464,80741464
0115481920,140,000000000080741462,80741462
0115481920,150,000000000080702065,80702065
0115481920,151,000000000080702065,80702065
0115481920,160,000000000080765617,80765617
0115481983,10,000000000080738795,80738795
0115481983,20,000000000080738792,80738792
0115481983,30,000000000080738254,80738254
0115481983,40,000000000080735065,80735065
0115481983,41,000000000080735065,80735065
0115481983,50,000000000080742474,80742474
0115481983,60,000000000080717304,80717304
0115481983,70,000000000080717303,80717303
0115481983,80,000000000080717296,80717296
0115481983,90,000000000080717314,80717314
0115481983,100,000000000080717313,80717313
0115481983,110,000000000080717299,80717299
0115481983,120,000000000080717309,80717309
0115481983,130,000000000080717311,80717311
0115481983,140,000000000080717316,80717316
0115481983,150,000000000080721972,80721972
0115481983,160,000000000080736222,80736222
0115481983,170,000000000080693825,80693825
0115481983,171,000000000080693825,80693825
0115481983,180,000000000080693850,80693850
0115481983,181,000000000080693850,80693850
0115481983,190,000000000080693844,80693844
0115481983,191,000000000080693844,80693844
0115481983,200,000000000080717306,80717306
0115481983,210,000000000080717305,80717305
0115481983,220,000000000080717322,80717322
0115481983,230,000000000080717307,80717307
0115481983,240,000000000080701310,80701310
0115481983,250,000000000080722023,80722023
0115481983,260,000000000080722012,80722012
0115481983,270,000000000080721995,80721995
0115481983,280,000000000080721963,80721963
0115481983,290,000000000080721962,80721962
0115481983,300,000000000080721969,80721969
0115481983,310,000000000082317850,82317850
0115481983,311,000000000082317850,82317850
0115481983,320,000000000080745222,80745222
0115481983,330,000000000080764740,80764740
0115481983,340,000000000080710399,80710399
0115481983,341,000000000080710399,80710399
0115481983,350,000000000080710407,80710407
0115481983,351,000000000080710407,80710407
0115481983,360,000000000080710405,80710405
0115481983,361,000000000080710405,80710405
0115481983,370,000000000080710404,80710404
0115481983,371,000000000080710404,80710404
0115481983,380,000000000080710409,80710409
0115481983,390,000000000080707795,80707795
0115481983,391,000000000080707795,80707795
0115481983,400,000000000080742102,80742102
0115481983,410,000000000080707792,80707792
0115481983,411,000000000080707792,80707792
0115481983,420,000000000080707898,80707898
0115481983,430,000000000080684725,80684725
0115481983,440,000000000080684728,80684728
0115481983,450,000000000080684719,80684719
0115481983,460,000000000080685187,80685187
0115481983,470,000000000080684717,80684717
0115481983,480,000000000080684553,80684553
0115481983,481,000000000080684553,80684553
0115481983,490,000000000080684552,80684552
0115481983,491,000000000080684552,80684552
0115481983,500,000000000080758451,80758451
0115481983,510,000000000082313296,82313296
0115481983,520,000000000082313294,82313294
0115481983,530,000000000080728863,80728863
0115481983,540,000000000080728859,80728859
0115481983,550,000000000080728861,80728861
0115481983,560,000000000080698858,80698858
0115481983,570,000000000080687460,80687460
0115481983,580,000000000080695900,80695900
0115481983,590,000000000080695901,80695901
0115481983,600,000000000080695898,80695898
0115481983,610,000000000080695899,80695899
0115481983,620,000000000080707089,80707089
0115481983,621,000000000080707089,80707089
0115481983,630,000000000080695907,80695907
0115481983,640,000000000080695908,80695908
0115481983,650,000000000080695897,80695897
0115481983,660,000000000080695904,80695904
0115481983,670,000000000080695905,80695905
0115481983,680,000000000082309813,82309813
0115481983,690,000000000080695890,80695890
0115481983,700,000000000082309816,82309816
0115481983,710,000000000082309818,82309818
0115481983,720,000000000080695893,80695893
0115481983,730,000000000080695894,80695894
0115481983,740,000000000082326521,82326521
0115481983,750,000000000080720684,80720684
0115481983,760,000000000080720484,80720484
0115481983,770,000000000080718177,80718177
0115481983,780,000000000080716677,80716677
0115481983,790,000000000080765420,80765420
0115481983,800,000000000080726401,80726401
0115481983,810,000000000080724633,80724633
0115481983,820,000000000080716679,80716679
0115481983,830,000000000080716680,80716680
0115481983,840,000000000080713455,80713455
0115481983,841,000000000080713455,80713455
0115481983,850,000000000080707737,80707737
0115481983,851,000000000080707737,80707737
0115481983,860,000000000080707736,80707736
0115481983,861,000000000080707736,80707736
0115481983,870,000000000080742603,80742603
0115481983,880,000000000082309857,82309857
0115481983,890,000000000080720846,80720846
0115481983,900,000000000080728726,80728726
0115481983,910,000000000080741549,80741549
0115481983,920,000000000080741550,80741550
0115481983,930,000000000080741548,80741548
0115481983,940,000000000080741546,80741546
0115481983,950,000000000080741545,80741545
0115481983,960,000000000080741547,80741547
0115481983,970,000000000080725123,80725123
0115481983,980,000000000080741553,80741553
0115481983,990,000000000080741544,80741544
0115481983,1000,000000000080741542,80741542
0115481983,1010,000000000080741541,80741541
0115481983,1020,000000000080725121,80725121
0115481983,1030,000000000080725122,80725122
0115481983,1040,000000000080751768,80751768
0115481983,1050,000000000082325565,82325565
0115481983,1051,000000000082325565,82325565
0115481983,1060,000000000080745249,80745249
0115481983,1070,000000000082325534,82325534
0115481983,1071,000000000082325534,82325534
0115481983,1080,000000000082328321,82328321
0115481983,1090,000000000082325521,82325521
0115481983,1091,000000000082325521,82325521
0115481983,1100,000000000082326938,82326938
0115481983,1101,000000000082326938,82326938
0115481983,1110,000000000082326932,82326932
0115481983,1111,000000000082326932,82326932
0115481983,1120,000000000080715460,80715460
0115481983,1121,000000000080715460,80715460
0115481983,1130,000000000082326904,82326904
0115481983,1131,000000000082326904,82326904
0115481983,1140,000000000082326902,82326902
0115481983,1141,000000000082326902,82326902
0115481983,1150,000000000080715461,80715461
0115481983,1160,000000000082326936,82326936
0115481983,1161,000000000082326936,82326936
0115481983,1170,000000000082327313,82327313
0115481983,1171,000000000082327313,82327313
0115481983,1180,000000000082326874,82326874
0115481983,1181,000000000082326874,82326874
0115481983,1190,000000000080737957,80737957
0115481983,1200,000000000080716276,80716276
0115481983,1201,000000000080716276,80716276
0115481983,1210,000000000080716275,80716275
0115481983,1211,000000000080716275,80716275
0115481983,1220,000000000082326901,82326901
0115481983,1221,000000000082326901,82326901
0115481983,1230,000000000082326896,82326896
0115481983,1231,000000000082326896,82326896
0115481983,1240,000000000080741455,80741455
0115481983,1250,000000000080741457,80741457
0115481983,1260,000000000080741469,80741469
0115481983,1270,000000000080741475,80741475
0115481983,1280,000000000080741454,80741454
0115481983,1290,000000000080741471,80741471
0115481983,1300,000000000080741470,80741470
0115481983,1310,000000000080707759,80707759
0115481983,1311,000000000080707759,80707759
0115481983,1320,000000000080741456,80741456
0115481983,1330,000000000080741463,80741463
0115481983,1340,000000000080742079,80742079
0115481983,1350,000000000080741472,80741472
0115481983,1360,000000000080741473,80741473
0115481983,1370,000000000080741478,80741478
0115481983,1380,000000000080741458,80741458
0115481983,1390,000000000080749747,80749747
0115481983,1400,000000000080749748,80749748
0115481983,1410,000000000082326900,82326900
0115481983,1411,000000000082326900,82326900
0115481983,1420,000000000082326899,82326899
0115481983,1421,000000000082326899,82326899
0115481983,1430,000000000080745248,80745248
0115481983,1431,000000000080745248,80745248
0115481983,1440,000000000082326913,82326913
0115481983,1450,000000000080700197,80700197
0115481983,1460,000000000080736982,80736982
0115481983,1461,000000000080736982,80736982
0115481983,1470,000000000080741848,80741848
0115481983,1480,000000000080738395,80738395
0115481983,1490,000000000080738611,80738611
0115481983,1500,000000000080739136,80739136
0115481983,1501,000000000080739136,80739136
0115481983,1510,000000000080738394,80738394
0115481983,1520,000000000080708707,80708707
0115481983,1530,000000000080691388,80691388
0115481983,1540,000000000080691397,80691397
0115481983,1550,000000000080708721,80708721
0115481983,1560,000000000080742381,80742381
0115481983,1570,000000000080733224,80733224
0115481983,1580,000000000080733219,80733219
0115481983,1590,000000000080733221,80733221
0115481983,1600,000000000080754340,80754340
0115481983,1610,000000000080742438,80742438
0115481983,1620,000000000080745017,80745017
0115481983,1630,000000000082322607,82322607
0115481983,1631,000000000082322607,82322607
0115481983,1640,000000000082322606,82322606
0115481983,1641,000000000082322606,82322606
0115481983,1650,000000000080742448,80742448
0115481983,1660,000000000080742447,80742447
0115481983,1670,000000000080713445,80713445
0115481983,1680,000000000080713443,80713443
0115481983,1690,000000000080686694,80686694
0115481983,1691,000000000080686694,80686694
0115481983,1700,000000000080686741,80686741
0115481983,1701,000000000080686741,80686741
0115481983,1710,000000000080686740,80686740
0115481983,1711,000000000080686740,80686740
0115481983,1720,000000000080686713,80686713
0115481983,1721,000000000080686713,80686713
0115481983,1730,000000000080686717,80686717
0115481983,1731,000000000080686717,80686717
0115481983,1740,000000000080686714,80686714
0115481983,1741,000000000080686714,80686714
0115481983,1750,000000000080686700,80686700
0115481983,1751,000000000080686700,80686700
0115481983,1760,000000000080730502,80730502
0115481983,1761,000000000080730502,80730502
0115481983,1770,000000000080730536,80730536
0115481983,1780,000000000080730501,80730501
0115481983,1781,000000000080730501,80730501
0115481983,1790,000000000080696554,80696554
0115481983,1791,000000000080696554,80696554
0115481983,1800,000000000080730492,80730492
0115481983,1810,000000000080686750,80686750
0115481983,1820,000000000080686747,80686747
0115481983,1821,000000000080686747,80686747
0115481983,1830,000000000080686710,80686710
0115481983,1831,000000000080686710,80686710
0115481983,1840,000000000080686711,80686711
0115481983,1841,000000000080686711,80686711
0115481983,1850,000000000080714032,80714032
0115481983,1860,000000000080714016,80714016
0115481983,1870,000000000080742449,80742449
0115481983,1880,000000000080730506,80730506
0115481983,1881,000000000080730506,80730506
0115481983,1890,000000000080742439,80742439
0115481983,1900,000000000080742437,80742437
0115481983,1910,000000000080730518,80730518
0115481983,1920,000000000080742444,80742444
0115481983,1930,000000000080713446,80713446
0115481983,1940,000000000080721175,80721175
0115481983,1950,000000000080742436,80742436
0115481983,1960,000000000080742442,80742442
0115481983,1970,000000000080745251,80745251
0115481983,1980,000000000080765617,80765617
0115481983,1990,000000000080742649,80742649
0115481983,2000,000000000080742441,80742441
0115481983,2010,000000000080729282,80729282
0115481983,2020,000000000080729281,80729281
0115481983,2030,000000000080721174,80721174
0115481983,2040,000000000080742440,80742440
0115481983,2050,000000000080733174,80733174
0115481983,2060,000000000080745856,80745856
0115481983,2070,000000000080742607,80742607
0115481983,2071,000000000080742607,80742607
0115481983,2080,000000000080717857,80717857
0115481983,2090,000000000080716272,80716272
0115481983,2100,000000000080714956,80714956
0115481983,2101,000000000080714956,80714956
0115481983,2110,000000000080695758,80695758
0115481983,2120,000000000080736559,80736559
0115481983,2130,000000000080736556,80736556
0115481983,2140,000000000080736560,80736560
0115481983,2150,000000000080736572,80736572
0115481983,2160,000000000080747116,80747116
0115481983,2170,000000000080763233,80763233
0115481983,2180,000000000080760454,80760454
0115481983,2190,000000000080762646,80762646
0115481983,2200,000000000080747104,80747104
0115481983,2210,000000000080747093,80747093
0115481983,2220,000000000080747105,80747105
0115481983,2230,000000000080747112,80747112
0115481983,2240,000000000080712396,80712396
0115481983,2250,000000000082323852,82323852
0115481983,2260,000000000082292589,82292589
0115481983,2270,000000000082267797,82267797
0115481983,2271,000000000082267797,82267797
0115481983,2280,000000000080746750,80746750
0115481984,10,000000000080741478,80741478
0115481984,20,000000000080741471,80741471
0115481984,30,000000000080741458,80741458
0115481984,40,000000000080741470,80741470
0115481984,50,000000000082326901,82326901
0115481984,51,000000000082326901,82326901
0115481984,60,000000000082326900,82326900
0115481984,61,000000000082326900,82326900
0115481984,70,000000000082326904,82326904
0115481984,71,000000000082326904,82326904
0115481984,80,000000000080725123,80725123
0115481984,90,000000000080721757,80721757
0115481984,100,000000000080745851,80745851
0115481984,110,000000000080745852,80745852
0115481984,120,000000000080721758,80721758
0115481984,130,000000000080741546,80741546
0115481984,140,000000000080721762,80721762
0115481984,150,000000000080721764,80721764
0115481984,160,000000000080741544,80741544
0115481984,170,000000000080741551,80741551
0115481984,180,000000000082325543,82325543
0115481984,181,000000000082325543,82325543
0115481984,190,000000000080741545,80741545
0115481984,200,000000000080721765,80721765
0115481984,210,000000000080751314,80751314
0115481984,220,000000000080751313,80751313
0115481984,230,000000000080741549,80741549
0115481984,240,000000000080693844,80693844
0115481984,241,000000000080693844,80693844
0115481984,250,000000000080717305,80717305
0115481984,260,000000000080721963,80721963
0115481984,270,000000000080717313,80717313
0115481984,280,000000000080717307,80717307
0115481984,290,000000000080693850,80693850
0115481984,291,000000000080693850,80693850
0115481984,300,000000000080721997,80721997
0115481984,310,000000000080721995,80721995
0115481984,320,000000000080717314,80717314
0115481984,330,000000000080717304,80717304
0115481984,340,000000000080721991,80721991
0115481984,350,000000000080736222,80736222
0115481984,360,000000000082256025,82256025
0115481984,370,000000000080695899,80695899
0115481984,380,000000000080695897,80695897
0115481984,390,000000000080695893,80695893
0115481984,400,000000000080695896,80695896
0115481984,410,000000000080695890,80695890
0115481984,420,000000000080695884,80695884
0115481984,430,000000000080738394,80738394
0115481984,440,000000000080708707,80708707
0115481984,450,000000000080691388,80691388
0115481984,460,000000000080691397,80691397
0115481984,470,000000000080708721,80708721
0115481984,480,000000000080738608,80738608
0115481984,490,000000000080691380,80691380
0115481984,500,000000000080708706,80708706
0115481984,510,000000000080708719,80708719
0115481984,520,000000000080691386,80691386
0115481984,530,000000000080691399,80691399
0115481984,540,000000000080691398,80691398
0115481984,550,000000000080691376,80691376
0115481984,560,000000000080691375,80691375
0115481984,570,000000000080691400,80691400
0115481984,580,000000000080686747,80686747
0115481984,581,000000000080686747,80686747
0115481984,590,000000000080742447,80742447
0115481984,600,000000000080747112,80747112
0115481984,610,000000000082257278,82257278
0115481984,611,000000000082257278,82257278
0115481984,620,000000000080736560,80736560
0115481984,630,000000000080736559,80736559
0115481984,640,000000000080742444,80742444
0115481984,650,000000000080742438,80742438
0115481984,660,000000000080742437,80742437
0115481984,670,000000000080768049,80768049
0115481984,680,000000000080741846,80741846
0115481984,690,000000000082328321,82328321
0115481984,700,000000000080700197,80700197
0115481984,710,000000000080763233,80763233
0115481984,720,000000000080763232,80763232
0115481984,730,000000000080763230,80763230
0115481984,740,000000000080763231,80763231
0115482242,10,000000000080736560,80736560
0115482242,20,000000000080736559,80736559
0115482242,30,000000000080736556,80736556
0115482242,40,000000000080736552,80736552
0115482242,50,000000000080741819,80741819
0115482242,60,000000000080741820,80741820
0115482242,70,000000000080742701,80742701
0115482242,80,000000000080742700,80742700
0115482242,90,000000000080695884,80695884
0115482242,100,000000000080716677,80716677
0115482242,110,000000000080718178,80718178
0115482242,120,000000000080716675,80716675
0115482242,130,000000000080716680,80716680
0115482242,140,000000000080716676,80716676
0115482242,150,000000000080718177,80718177
0115482242,160,000000000080716679,80716679
0115482242,170,000000000080707736,80707736
0115482242,171,000000000080707736,80707736
0115482242,180,000000000080707896,80707896
0115482242,181,000000000080707896,80707896
0115482242,190,000000000082256027,82256027
0115482242,200,000000000082245409,82245409
0115482242,210,000000000082286892,82286892
0115482242,220,000000000080695896,80695896
0115482242,230,000000000080695893,80695893
0115482242,240,000000000080695902,80695902
0115482242,250,000000000080695890,80695890
0115482242,260,000000000080695904,80695904
0115482242,270,000000000080695898,80695898
0115482242,280,000000000080695900,80695900
0115482242,290,000000000082256025,82256025
0115482242,300,000000000082286878,82286878
0115482242,310,000000000082245410,82245410
0115482242,320,000000000082255878,82255878
0115482242,330,000000000082281872,82281872
0115482242,340,000000000080695905,80695905
0115482242,350,000000000080720485,80720485
0115482242,360,000000000080742349,80742349
0115482242,370,000000000080742348,80742348
0115482242,380,000000000080685837,80685837
0115482242,390,000000000082236658,82236658
0115482242,400,000000000080684552,80684552
0115482242,401,000000000080684552,80684552
0115482242,410,000000000080684553,80684553
0115482242,411,000000000080684553,80684553
0115482242,420,000000000080710404,80710404
0115482242,421,000000000080710404,80710404
0115482242,430,000000000080710399,80710399
0115482242,431,000000000080710399,80710399
0115482242,440,000000000080764740,80764740
0115482242,450,000000000080684724,80684724
0115482242,460,000000000080684726,80684726
0115482242,470,000000000080684706,80684706
0115482242,480,000000000080684708,80684708
0115482242,490,000000000082313296,82313296
0115482242,500,000000000080684719,80684719
0115482242,510,000000000080684717,80684717
0115482242,520,000000000080710410,80710410
0115482242,530,000000000080710409,80710409
0115482242,540,000000000080698858,80698858
0115482242,550,000000000080698212,80698212
0115482242,560,000000000080707797,80707797
0115482242,561,000000000080707797,80707797
0115482242,570,000000000082294197,82294197
0115482242,580,000000000082294198,82294198
0115482242,590,000000000082294199,82294199
0115482242,600,000000000082294200,82294200
0115482242,610,000000000082294201,82294201
0115482242,620,000000000080696694,80696694
0115482242,630,000000000080682899,80682899
0115482242,640,000000000080682901,80682901
0115482242,650,000000000080707790,80707790
0115482242,660,000000000080707789,80707789
0115482242,670,000000000080691427,80691427
0115482242,680,000000000082326949,82326949
0115482242,690,000000000080715459,80715459
0115482242,700,000000000082326913,82326913
0115482242,710,000000000080716276,80716276
0115482242,711,000000000080716276,80716276
0115482242,720,000000000080751778,80751778
0115482242,721,000000000080751778,80751778
0115482242,730,000000000080745943,80745943
0115482242,740,000000000080736222,80736222
0115482242,750,000000000080735217,80735217
0115482242,760,000000000080736221,80736221
0115482242,770,000000000080739137,80739137
0115482242,771,000000000080739137,80739137
0115482242,780,000000000080738611,80738611
0115482242,790,000000000080691380,80691380
0115482242,800,000000000080708719,80708719
0115482242,810,000000000080738838,80738838
0115482242,820,000000000080691400,80691400
0115482242,830,000000000082324239,82324239
0115482242,831,000000000082324239,82324239
0115482242,840,000000000082316463,82316463
0115482242,850,000000000082316462,82316462
0115482242,851,000000000082316462,82316462
0115482242,860,000000000082316464,82316464
0115482242,870,000000000080713977,80713977
0115482242,871,000000000080713977,80713977
0115482242,880,000000000080713979,80713979
0115482246,10,000000000080744195,80744195
0115482246,20,000000000082322189,82322189
0115482246,30,000000000080741411,80741411
0115482246,40,000000000082311619,82311619
0115482246,50,000000000080739203,80739203
0115482246,60,000000000080704504,80704504
0115482246,70,000000000080696678,80696678
0115482246,80,000000000080738897,80738897
0115482246,90,000000000080751316,80751316
0115482246,100,000000000080701635,80701635
0115482415,10,000000000080695758,80695758
0115482415,20,000000000082280367,82280367
0115482415,30,000000000080695757,80695757
0115482415,40,000000000080695753,80695753
0115482415,50,000000000082280368,82280368
0115482415,60,000000000080695750,80695750
0115482415,70,000000000082280364,82280364
0115482415,80,000000000080695755,80695755
0115482415,90,000000000080695763,80695763
0115482415,100,000000000082280369,82280369
0115482415,110,000000000080736558,80736558
0115482415,120,000000000080736554,80736554
0115482415,130,000000000080736555,80736555
0115482415,140,000000000080736573,80736573
0115482415,150,000000000080736563,80736563
0115482415,160,000000000080736560,80736560
0115482415,170,000000000080736559,80736559
0115482415,180,000000000080736556,80736556
0115482415,190,000000000080736552,80736552
0115482415,200,000000000080738256,80738256
0115482415,210,000000000080738254,80738254
0115482415,220,000000000080738249,80738249
0115482415,230,000000000080735068,80735068
0115482415,231,000000000080735068,80735068
0115482415,240,000000000080747093,80747093
0115482415,250,000000000080747104,80747104
0115482415,260,000000000080747105,80747105
0115482415,270,000000000080747115,80747115
0115482415,280,000000000080747112,80747112
0115482415,290,000000000082257278,82257278
0115482415,291,000000000082257278,82257278
0115482415,300,000000000080695742,80695742
0115482415,301,000000000080695742,80695742
0115483166,10,000000000080737751,80737751
0115483166,20,000000000082264004,82264004
0115483166,30,000000000080737939,80737939
0115483219,10,000000000080717316,80717316
0115483219,20,000000000080693850,80693850
0115483219,21,000000000080693850,80693850
0115483219,30,000000000080693825,80693825
0115483219,31,000000000080693825,80693825
0115483219,40,000000000080717322,80717322
0115483219,50,000000000080722023,80722023
0115483219,60,000000000080693827,80693827
0115483219,61,000000000080693827,80693827
0115483219,70,000000000080722012,80722012
0115483219,80,000000000080721997,80721997
0115483219,90,000000000080693844,80693844
0115483219,91,000000000080693844,80693844
0115483219,100,000000000080721995,80721995
0115483219,110,000000000080721963,80721963
0115483219,120,000000000080684553,80684553
0115483219,121,000000000080684553,80684553
0115483219,130,000000000080684552,80684552
0115483219,131,000000000080684552,80684552
0115483219,140,000000000080684726,80684726
0115483219,150,000000000082170064,82170064
0115483219,160,000000000082170045,82170045
0115483219,170,000000000082317850,82317850
0115483219,171,000000000082317850,82317850
0115483219,180,000000000082313835,82313835
0115483219,181,000000000082313835,82313835
0115483219,190,000000000080707795,80707795
0115483219,191,000000000080707795,80707795
0115483219,200,000000000080684708,80684708
0115483219,210,000000000080684707,80684707
0115483219,220,000000000082279472,82279472
0115483219,230,000000000082279474,82279474
0115483219,240,000000000082279643,82279643
0115483219,250,000000000080745227,80745227
0115483219,260,000000000080710405,80710405
0115483219,261,000000000080710405,80710405
0115483219,270,000000000080710399,80710399
0115483219,271,000000000080710399,80710399
0115483219,280,000000000080695898,80695898
0115483219,290,000000000082309823,82309823
0115483219,300,000000000080695894,80695894
0115483219,310,000000000080695896,80695896
0115483219,320,000000000082309822,82309822
0115483219,330,000000000080695891,80695891
0115483219,340,000000000080695884,80695884
0115483219,350,000000000082256025,82256025
0115483219,360,000000000082256023,82256023
0115483219,370,000000000082294994,82294994
0115483219,380,000000000080707736,80707736
0115483219,381,000000000080707736,80707736
0115483219,390,000000000080707737,80707737
0115483219,391,000000000080707737,80707737
0115483219,400,000000000082255878,82255878
0115483219,410,000000000082256027,82256027
0115483219,420,000000000080745943,80745943
0115483219,430,000000000080741549,80741549
0115483219,440,000000000080721762,80721762
0115483219,450,000000000080725123,80725123
0115483219,460,000000000080751779,80751779
0115483219,461,000000000080751779,80751779
0115483219,470,000000000080751778,80751778
0115483219,471,000000000080751778,80751778
0115483219,480,000000000080741551,80741551
0115483219,490,000000000080725121,80725121
0115483219,500,000000000082325536,82325536
0115483219,501,000000000082325536,82325536
0115483219,510,000000000082325608,82325608
0115483219,520,000000000082325606,82325606
0115483219,530,000000000080721764,80721764
0115483219,540,000000000080715464,80715464
0115483219,541,000000000080715464,80715464
0115483219,550,000000000082328299,82328299
0115483219,551,000000000082328299,82328299
0115483219,560,000000000080749731,80749731
0115483219,561,000000000080749731,80749731
0115483219,570,000000000080749733,80749733
0115483219,571,000000000080749733,80749733
0115483219,580,000000000082326901,82326901
0115483219,581,000000000082326901,82326901
0115483219,590,000000000080741457,80741457
0115483219,600,000000000080741455,80741455
0115483219,610,000000000080741461,80741461
0115483219,620,000000000080741469,80741469
0115483219,630,000000000080741454,80741454
0115483219,640,000000000080741471,80741471
0115483219,650,000000000080741470,80741470
0115483219,660,000000000080741472,80741472
0115483219,670,000000000080707759,80707759
0115483219,671,000000000080707759,80707759
0115483219,680,000000000080741463,80741463
0115483219,690,000000000080741476,80741476
0115483219,700,000000000080741473,80741473
0115483219,710,000000000082326900,82326900
0115483219,711,000000000082326900,82326900
0115483219,720,000000000082326913,82326913
0115483219,730,000000000080736982,80736982
0115483219,731,000000000080736982,80736982
0115483219,740,000000000080708706,80708706
0115483219,750,000000000080708707,80708707
0115483219,760,000000000080691380,80691380
0115483219,770,000000000080691388,80691388
0115483219,780,000000000080742650,80742650
0115483219,790,000000000080742438,80742438
0115483219,800,000000000080742585,80742585
0115483219,810,000000000080730543,80730543
0115483219,811,000000000080730543,80730543
0115483219,820,000000000080730506,80730506
0115483219,821,000000000080730506,80730506
0115483219,830,000000000080730505,80730505
0115483219,831,000000000080730505,80730505
0115483219,840,000000000080742446,80742446
0115483219,850,000000000080742382,80742382
0115483219,860,000000000080742449,80742449
0115483219,870,000000000080742439,80742439
0115483219,880,000000000080742437,80742437
0115483219,890,000000000080686746,80686746
0115483219,891,000000000080686746,80686746
0115483219,900,000000000080730518,80730518
0115483219,910,000000000080730492,80730492
0115483219,920,000000000080730501,80730501
0115483219,921,000000000080730501,80730501
0115483219,930,000000000080730502,80730502
0115483219,931,000000000080730502,80730502
0115483219,940,000000000080730536,80730536
0115483219,950,000000000080742444,80742444
0115483219,960,000000000080721172,80721172
0115483219,970,000000000080718773,80718773
0115483219,980,000000000080714020,80714020
0115483219,990,000000000080742588,80742588
0115483373,10,000000000080727738,80727738
0115483373,20,000000000080717315,80717315
0115483373,30,000000000080693850,80693850
0115483373,31,000000000080693850,80693850
0115483373,40,000000000080693825,80693825
0115483373,41,000000000080693825,80693825
0115483373,50,000000000080722023,80722023
0115483373,60,000000000080693827,80693827
0115483373,61,000000000080693827,80693827
0115483373,70,000000000080722012,80722012
0115483373,80,000000000080721997,80721997
0115483373,90,000000000080693844,80693844
0115483373,91,000000000080693844,80693844
0115483373,100,000000000080721995,80721995
0115483373,110,000000000080684726,80684726
0115483373,120,000000000082170061,82170061
0115483373,130,000000000082170064,82170064
0115483373,140,000000000082170042,82170042
0115483373,150,000000000082170045,82170045
0115483373,160,000000000082317850,82317850
0115483373,161,000000000082317850,82317850
0115483373,170,000000000080707789,80707789
0115483373,180,000000000082313835,82313835
0115483373,181,000000000082313835,82313835
0115483373,190,000000000080728859,80728859
0115483373,200,000000000080707795,80707795
0115483373,201,000000000080707795,80707795
0115483373,210,000000000080707792,80707792
0115483373,211,000000000080707792,80707792
0115483373,220,000000000080707793,80707793
0115483373,221,000000000080707793,80707793
0115483373,230,000000000080684708,80684708
0115483373,240,000000000080684707,80684707
0115483373,250,000000000080684706,80684706
0115483373,260,000000000082279472,82279472
0115483373,270,000000000082279474,82279474
0115483373,280,000000000082279643,82279643
0115483373,290,000000000082182020,82182020
0115483373,300,000000000082313296,82313296
0115483373,310,000000000080695898,80695898
0115483373,320,000000000080695902,80695902
0115483373,330,000000000080695903,80695903
0115483373,340,000000000082309823,82309823
0115483373,350,000000000080695894,80695894
0115483373,360,000000000080695896,80695896
0115483373,370,000000000082309822,82309822
0115483373,380,000000000080695891,80695891
0115483373,390,000000000080695887,80695887
0115483373,400,000000000080695884,80695884
0115483373,410,000000000082256025,82256025
0115483373,420,000000000082256023,82256023
0115483373,430,000000000080718177,80718177
0115483373,440,000000000080716674,80716674
0115483373,450,000000000080707736,80707736
0115483373,451,000000000080707736,80707736
0115483373,460,000000000080707737,80707737
0115483373,461,000000000080707737,80707737
0115483373,470,000000000080707740,80707740
0115483373,471,000000000080707740,80707740
0115483373,480,000000000082236663,82236663
0115483373,490,000000000082255878,82255878
0115483373,500,000000000082256027,82256027
0115483373,510,000000000080745943,80745943
0115483373,520,000000000080741549,80741549
0115483373,530,000000000080721762,80721762
0115483373,540,000000000080725123,80725123
0115483373,550,000000000080751313,80751313
0115483373,560,000000000080751778,80751778
0115483373,561,000000000080751778,80751778
0115483373,570,000000000082325607,82325607
0115483373,571,000000000082325607,82325607
0115483373,580,000000000082325605,82325605
0115483373,581,000000000082325605,82325605
0115483373,590,000000000080725121,80725121
0115483373,600,000000000082325608,82325608
0115483373,610,000000000082325606,82325606
0115483373,620,000000000080715464,80715464
0115483373,621,000000000080715464,80715464
0115483373,630,000000000080715463,80715463
0115483373,631,000000000080715463,80715463
0115483373,640,000000000082328300,82328300
0115483373,641,000000000082328300,82328300
0115483373,650,000000000080749733,80749733
0115483373,651,000000000080749733,80749733
0115483373,660,000000000082326901,82326901
0115483373,661,000000000082326901,82326901
0115483373,670,000000000080741457,80741457
0115483373,680,000000000080741455,80741455
0115483373,690,000000000080741469,80741469
0115483373,700,000000000080741454,80741454
0115483373,710,000000000080741471,80741471
0115483373,720,000000000080741472,80741472
0115483373,730,000000000080707759,80707759
0115483373,731,000000000080707759,80707759
0115483373,740,000000000080741456,80741456
0115483373,750,000000000080741463,80741463
0115483373,760,000000000080741476,80741476
0115483373,770,000000000080741473,80741473
0115483373,780,000000000082326900,82326900
0115483373,781,000000000082326900,82326900
0115483373,790,000000000082326913,82326913
0115483373,800,000000000080708707,80708707
0115483373,810,000000000080691380,80691380
0115483373,820,000000000080691388,80691388
0115483373,830,000000000080742650,80742650
0115483373,840,000000000080742438,80742438
0115483373,850,000000000080742585,80742585
0115483373,860,000000000080730543,80730543
0115483373,861,000000000080730543,80730543
0115483373,870,000000000080730506,80730506
0115483373,871,000000000080730506,80730506
0115483373,880,000000000080730505,80730505
0115483373,881,000000000080730505,80730505
0115483373,890,000000000080742446,80742446
0115483373,900,000000000080742382,80742382
0115483373,910,000000000080742439,80742439
0115483373,920,000000000080686746,80686746
0115483373,921,000000000080686746,80686746
0115483373,930,000000000080730518,80730518
0115483373,940,000000000080730492,80730492
0115483373,950,000000000080730501,80730501
0115483373,951,000000000080730501,80730501
0115483373,960,000000000080730502,80730502
0115483373,961,000000000080730502,80730502
0115483373,970,000000000080730536,80730536
0115483373,980,000000000080718773,80718773
0115483373,990,000000000080714020,80714020
0115483377,10,000000000080707740,80707740
0115483377,11,000000000080707740,80707740
0115483377,20,000000000080725121,80725121
0115483377,30,000000000080741461,80741461
0115483377,40,000000000080702067,80702067
0115483377,41,000000000080702067,80702067
0115483377,50,000000000080735653,80735653
0115483377,60,000000000080736573,80736573
0115483377,70,000000000080736570,80736570
